product_id,count,name/0,consignment_id/0,name/1,consignment_id/1,name/2,consignment_id/2
1bae53b3-cd1e-9c75-ba24-9923a35474ea,6,Trans L69J - Wed 24 Mar 2021,0a6f6e36-8b62-11eb-f3d6-8c6b1c27d5c6,,,,
590b78cc-f488-bfc6-ffcb-514f0eef513d,12,Trans L69J - Wed 24 Mar 2021,0a6f6e36-8b62-11eb-f3d6-8c6b1c27d5c6,Trans 643E - Wed 24 Mar 2021,0a6f6e36-8b62-11eb-f3d6-8c6d30164a66,,
c98912ac-4383-7183-1dfe-f92b6288dbc5,8,Trans L69J - Wed 24 Mar 2021,0a6f6e36-8b62-11eb-f3d6-8c6b1c27d5c6,Trans 643E - Wed 24 Mar 2021,0a6f6e36-8b62-11eb-f3d6-8c6d30164a66,,
506578a7-cbfa-d42f-4b02-0187bee345e1,5,Trans L69J - Wed 24 Mar 2021,0a6f6e36-8b62-11eb-f3d6-8c6b1c27d5c6,Trans 643E - Wed 24 Mar 2021,0a6f6e36-8b62-11eb-f3d6-8c6d30164a66,,
89e6b0e4-ab4a-1542-1b10-19e28fb6366e,5,Trans L69J - Wed 24 Mar 2021,0a6f6e36-8b62-11eb-f3d6-8c6b1c27d5c6,Trans 643E - Wed 24 Mar 2021,0a6f6e36-8b62-11eb-f3d6-8c6d30164a66,,
9877e898-d369-d1dc-bbe9-48da4e1ab757,2,Trans L69J - Wed 24 Mar 2021,0a6f6e36-8b62-11eb-f3d6-8c6b1c27d5c6,Trans 643E - Wed 24 Mar 2021,0a6f6e36-8b62-11eb-f3d6-8c6d30164a66,,
183d10d9-a6b5-3c80-5df3-633e87059506,6,Trans L69J - Wed 24 Mar 2021,0a6f6e36-8b62-11eb-f3d6-8c6b1c27d5c6,Trans 74PG - Wed 24 Mar 2021,0a6f6e36-8b62-11eb-f3d6-8c95491590c0,,
b8041949-e9c6-94a0-2c66-f90949446929,11,Trans L69J - Wed 24 Mar 2021,0a6f6e36-8b62-11eb-f3d6-8c6b1c27d5c6,Trans 74PG - Wed 24 Mar 2021,0a6f6e36-8b62-11eb-f3d6-8c95491590c0,,
8049351d-856a-e44a-f251-39a9cc644019,2,Trans 76X5 - Wed 24 Mar 2021,0a6f6e36-8b62-11eb-f3d6-8c6f913bf750,,,,
5e73348f-1eb5-535e-7f26-62cbea5bd637,3,Trans 76X5 - Wed 24 Mar 2021,0a6f6e36-8b62-11eb-f3d6-8c6f913bf750,,,,
1e7a84a5-05c9-5053-9637-66aab8e1c52c,6,Trans 76X5 - Wed 24 Mar 2021,0a6f6e36-8b62-11eb-f3d6-8c6f913bf750,,,,
a3dc5354-c9eb-1163-e29b-e73d3f7222b7,3,Trans 76X5 - Wed 24 Mar 2021,0a6f6e36-8b62-11eb-f3d6-8c6f913bf750,,,,
ed0cb4df-ba1a-fd4c-6c7c-b5ccc384340d,1,Trans 76X5 - Wed 24 Mar 2021,0a6f6e36-8b62-11eb-f3d6-8c6f913bf750,,,,
f4c0a0c5-58dc-4d7c-212d-1e271951cf20,11,Trans 76X5 - Wed 24 Mar 2021,0a6f6e36-8b62-11eb-f3d6-8c6f913bf750,Trans L87Y - Wed 24 Mar 2021,0a6f6e36-8b62-11eb-f3d6-8c7166b55c3a,,
605a60ae-f3e2-2dde-ed64-fac12f8125ac,5,Trans 76X5 - Wed 24 Mar 2021,0a6f6e36-8b62-11eb-f3d6-8c6f913bf750,,,,
dbc780a5-c0d7-3b75-d2b2-07d4505a3905,4,Trans 76X5 - Wed 24 Mar 2021,0a6f6e36-8b62-11eb-f3d6-8c6f913bf750,,,,
ede20cbd-e4cb-e2a0-ed75-ca548c6b2ac5,3,Trans 76X5 - Wed 24 Mar 2021,0a6f6e36-8b62-11eb-f3d6-8c6f913bf750,,,,
bd060a6b-5273-e1a3-63b4-799f4d259798,3,Trans 76X5 - Wed 24 Mar 2021,0a6f6e36-8b62-11eb-f3d6-8c6f913bf750,,,,
c1b3d138-7da5-2b81-ffcc-0b28ba72f59f,4,Trans 76X5 - Wed 24 Mar 2021,0a6f6e36-8b62-11eb-f3d6-8c6f913bf750,,,,
54b446c1-02d4-5ed3-2e26-47aba621df3c,6,Trans 76X5 - Wed 24 Mar 2021,0a6f6e36-8b62-11eb-f3d6-8c6f913bf750,,,,
3da16117-beb3-1aeb-af17-ad4df5cde398,4,Trans 76X5 - Wed 24 Mar 2021,0a6f6e36-8b62-11eb-f3d6-8c6f913bf750,,,,
a6bbbbc7-e05c-c258-7b08-5396c006d9af,8,Trans 76X5 - Wed 24 Mar 2021,0a6f6e36-8b62-11eb-f3d6-8c6f913bf750,,,,
627e1906-7a88-a5e7-a4fa-7c28d0df6813,4,Trans 76X5 - Wed 24 Mar 2021,0a6f6e36-8b62-11eb-f3d6-8c6f913bf750,,,,
7d8bc632-4dbe-82a4-757b-994f1f7f3e85,3,Trans 76X5 - Wed 24 Mar 2021,0a6f6e36-8b62-11eb-f3d6-8c6f913bf750,,,,
98e0c818-6f6f-298c-398a-a3db49ec4e0a,2,Trans 76X5 - Wed 24 Mar 2021,0a6f6e36-8b62-11eb-f3d6-8c6f913bf750,,,,
cf6f0de5-0e16-7a5c-d993-aa525e423fcd,11,Trans 76X5 - Wed 24 Mar 2021,0a6f6e36-8b62-11eb-f3d6-8c6f913bf750,,,,
1d6a4938-e1bf-9f55-2e54-482b242e6a6e,4,Trans L87Y - Wed 24 Mar 2021,0a6f6e36-8b62-11eb-f3d6-8c7166b55c3a,,,,
a8d13d8d-b8a4-bb3a-77cf-7400d8e14603,2,Trans L87Y - Wed 24 Mar 2021,0a6f6e36-8b62-11eb-f3d6-8c7166b55c3a,,,,
b427cd77-6ca8-276c-12d2-0429ba0a2f67,2,Trans L87Y - Wed 24 Mar 2021,0a6f6e36-8b62-11eb-f3d6-8c7166b55c3a,,,,
c8288223-6aae-073e-a495-b64be73a46a9,2,Trans L87Y - Wed 24 Mar 2021,0a6f6e36-8b62-11eb-f3d6-8c7166b55c3a,,,,
12aa0db7-193e-5abf-6376-58b9e0888eff,2,Trans L87Y - Wed 24 Mar 2021,0a6f6e36-8b62-11eb-f3d6-8c7166b55c3a,,,,
18a730b3-538a-6feb-576e-2d8e14c763e3,1,Trans L87Y - Wed 24 Mar 2021,0a6f6e36-8b62-11eb-f3d6-8c7166b55c3a,,,,
e123f3b2-d616-d9fb-c127-cb0696efd7ef,1,Trans L87Y - Wed 24 Mar 2021,0a6f6e36-8b62-11eb-f3d6-8c7166b55c3a,,,,
0f39c029-69b0-3cd2-6891-f637d1ca38e2,1,Trans L87Y - Wed 24 Mar 2021,0a6f6e36-8b62-11eb-f3d6-8c7166b55c3a,,,,
94f7b0c3-1c04-2bf1-981d-2121a5a6eb1b,2,Trans L87Y - Wed 24 Mar 2021,0a6f6e36-8b62-11eb-f3d6-8c7166b55c3a,,,,
3219a0ad-5fa7-e851-3eca-ca7f773c2b35,3,Trans L87Y - Wed 24 Mar 2021,0a6f6e36-8b62-11eb-f3d6-8c7166b55c3a,,,,
e424bbfc-daa2-b9d2-947e-b2e63361000d,3,Trans L87Y - Wed 24 Mar 2021,0a6f6e36-8b62-11eb-f3d6-8c7166b55c3a,,,,
c76de623-178e-d0a7-980e-87646d7f23c9,1,Trans L87Y - Wed 24 Mar 2021,0a6f6e36-8b62-11eb-f3d6-8c7166b55c3a,,,,
9af2be0d-e917-30be-7cb5-c74247c73a6c,1,Trans L87Y - Wed 24 Mar 2021,0a6f6e36-8b62-11eb-f3d6-8c7166b55c3a,,,,
0a4735cc-4962-11e7-fc9e-c4670c8b6a04,2,Trans L87Y - Wed 24 Mar 2021,0a6f6e36-8b62-11eb-f3d6-8c7166b55c3a,,,,
f194def8-2012-3b1d-725d-1b2e14420780,2,Trans L87Y - Wed 24 Mar 2021,0a6f6e36-8b62-11eb-f3d6-8c7166b55c3a,,,,
91fd82b1-3167-f567-3c87-6cc65ba8fc17,3,Trans L87Y - Wed 24 Mar 2021,0a6f6e36-8b62-11eb-f3d6-8c7166b55c3a,,,,
0a4735cc-4962-11e7-fc9e-c4670cf379f3,2,Trans L87Y - Wed 24 Mar 2021,0a6f6e36-8b62-11eb-f3d6-8c7166b55c3a,,,,
02dcd191-ae62-11e6-f485-4cbcdc090e82,1,Furniture Trans 75XC - Wed 24 Mar 2021,0a6f6e36-8b62-11eb-f3d6-8c6fed809276,,,,
c94710f0-7b98-906a-4b31-f7c53750c66f,4,Furniture Trans 75XC - Wed 24 Mar 2021,0a6f6e36-8b62-11eb-f3d6-8c6fed809276,Trans 2M53 - Wed 24 Mar 2021,0a6f6e36-8b62-11eb-f3d6-8c73ce025a61,Trans 74PG - Wed 24 Mar 2021,0a6f6e36-8b62-11eb-f3d6-8c95491590c0
58559246-3997-54e3-6d2b-6c981edea6f0,1,Furniture Trans 75XC - Wed 24 Mar 2021,0a6f6e36-8b62-11eb-f3d6-8c6fed809276,,,,
abb8dd70-3406-9834-542e-fdfd50aeb280,1,Furniture Trans 75XC - Wed 24 Mar 2021,0a6f6e36-8b62-11eb-f3d6-8c6fed809276,,,,
9670cbb3-55ac-4e4c-3bd7-24a6c7ccf01c,6,Furniture Trans 75XC - Wed 24 Mar 2021,0a6f6e36-8b62-11eb-f3d6-8c6fed809276,furniture Trans Z6P4 - Thu 25 Mar 2021,0a6f6e36-8b62-11eb-f3d6-8d384a313e61,Trans JVBT - Thu 25 Mar 2021,0a6f6e36-8b62-11eb-f3d6-8d4e11f31056
954b7fd7-1a87-afa1-a168-a407750b3171,1,Furniture Trans 75XC - Wed 24 Mar 2021,0a6f6e36-8b62-11eb-f3d6-8c6fed809276,,,,
3fe49ae8-ff15-6efb-ba51-1afcacbfde59,3,Furniture Trans 75XC - Wed 24 Mar 2021,0a6f6e36-8b62-11eb-f3d6-8c6fed809276,Trans AT7P - Wed 24 Mar 2021,0a6f6e36-8b62-11eb-f3d6-8caa230eb77e,Trans 3VJ7 - Wed 24 Mar 2021,0a6f6e36-8b62-11eb-f3d6-8cada4284b6f
02dcd191-ae62-11e7-f130-4957ce52d30d,2,Furniture Trans 75XC - Wed 24 Mar 2021,0a6f6e36-8b62-11eb-f3d6-8c6fed809276,Trans 5427 - Wed 24 Mar 2021,0a6f6e36-8b62-11eb-f3d6-8c8908160c49,,
02dcd191-ae62-11e7-f130-4957bd218cdc,2,Furniture Trans 75XC - Wed 24 Mar 2021,0a6f6e36-8b62-11eb-f3d6-8c6fed809276,Trans 5427 - Wed 24 Mar 2021,0a6f6e36-8b62-11eb-f3d6-8c8908160c49,,
ba9c170a-e962-e653-fcab-5fc295cdd435,2,Furniture Trans 75XC - Wed 24 Mar 2021,0a6f6e36-8b62-11eb-f3d6-8c6fed809276,Trans MRP2 - Wed 24 Mar 2021,0a6f6e36-8b62-11eb-f3d6-8c7d53da0db9,,
9eb0458e-a51d-04c9-7840-a3d86bdc4407,2,Furniture Trans 75XC - Wed 24 Mar 2021,0a6f6e36-8b62-11eb-f3d6-8c6fed809276,Trans MRP2 - Wed 24 Mar 2021,0a6f6e36-8b62-11eb-f3d6-8c7d53da0db9,,
cdcc9e83-5b76-27a3-8eab-f95d74e6be37,3,Furniture Trans 75XC - Wed 24 Mar 2021,0a6f6e36-8b62-11eb-f3d6-8c6fed809276,Trans MRP2 - Wed 24 Mar 2021,0a6f6e36-8b62-11eb-f3d6-8c7d53da0db9,,
8d465bdf-5626-93de-c8d6-16f3769d8bd6,3,Furniture Trans 75XC - Wed 24 Mar 2021,0a6f6e36-8b62-11eb-f3d6-8c6fed809276,Trans MRP2 - Wed 24 Mar 2021,0a6f6e36-8b62-11eb-f3d6-8c7d53da0db9,,
514c9c37-f3fb-a3dd-268d-90b54ee7e71f,4,Furniture Trans 75XC - Wed 24 Mar 2021,0a6f6e36-8b62-11eb-f3d6-8c6fed809276,Trans 2M53 - Wed 24 Mar 2021,0a6f6e36-8b62-11eb-f3d6-8c73ce025a61,,
39434b18-aa47-9b9e-5880-9c8c24759224,4,Furniture Trans 75XC - Wed 24 Mar 2021,0a6f6e36-8b62-11eb-f3d6-8c6fed809276,Trans 2M53 - Wed 24 Mar 2021,0a6f6e36-8b62-11eb-f3d6-8c73ce025a61,,
a60c930a-e6a9-c596-9f0d-39dcd0cbe295,4,Furniture Trans 75XC - Wed 24 Mar 2021,0a6f6e36-8b62-11eb-f3d6-8c6fed809276,Trans 2M53 - Wed 24 Mar 2021,0a6f6e36-8b62-11eb-f3d6-8c73ce025a61,,
fa33acfd-0163-cab6-b4fd-100ef7f90a15,4,Furniture Trans 75XC - Wed 24 Mar 2021,0a6f6e36-8b62-11eb-f3d6-8c6fed809276,Trans 2M53 - Wed 24 Mar 2021,0a6f6e36-8b62-11eb-f3d6-8c73ce025a61,,
347c4dbd-843c-2d89-4097-78200f80d5b1,4,Furniture Trans 75XC - Wed 24 Mar 2021,0a6f6e36-8b62-11eb-f3d6-8c6fed809276,Trans 2M53 - Wed 24 Mar 2021,0a6f6e36-8b62-11eb-f3d6-8c73ce025a61,,
ee119973-faee-d17f-74b1-05e7ca3a2532,5,Furniture Trans 75XC - Wed 24 Mar 2021,0a6f6e36-8b62-11eb-f3d6-8c6fed809276,Trans 2M53 - Wed 24 Mar 2021,0a6f6e36-8b62-11eb-f3d6-8c73ce025a61,,
3cfab7db-f533-253d-de10-360cc8fa3e52,4,Furniture Trans 75XC - Wed 24 Mar 2021,0a6f6e36-8b62-11eb-f3d6-8c6fed809276,Trans 2M53 - Wed 24 Mar 2021,0a6f6e36-8b62-11eb-f3d6-8c73ce025a61,,
548092e2-de36-5aa4-2006-b92bb8600ebf,5,Furniture Trans 75XC - Wed 24 Mar 2021,0a6f6e36-8b62-11eb-f3d6-8c6fed809276,Trans 2M53 - Wed 24 Mar 2021,0a6f6e36-8b62-11eb-f3d6-8c73ce025a61,,
02dcd191-ae62-11e6-f485-4cbc86d39461,2,Furniture Trans 75XC - Wed 24 Mar 2021,0a6f6e36-8b62-11eb-f3d6-8c6fed809276,,,,
02dcd191-ae62-11e6-f485-4cbc863fa840,3,Furniture Trans 75XC - Wed 24 Mar 2021,0a6f6e36-8b62-11eb-f3d6-8c6fed809276,furniture Trans Z6P4 - Thu 25 Mar 2021,0a6f6e36-8b62-11eb-f3d6-8d384a313e61,,
a5e921aa-ffda-7e95-b59e-6526a9cf1d14,3,Furniture Trans 75XC - Wed 24 Mar 2021,0a6f6e36-8b62-11eb-f3d6-8c6fed809276,furniture Trans Z6P4 - Thu 25 Mar 2021,0a6f6e36-8b62-11eb-f3d6-8d384a313e61,,
02dcd191-ae62-11e6-f485-4cbc1e162c25,4,Furniture Trans 75XC - Wed 24 Mar 2021,0a6f6e36-8b62-11eb-f3d6-8c6fed809276,furniture Trans Z6P4 - Thu 25 Mar 2021,0a6f6e36-8b62-11eb-f3d6-8d384a313e61,,
18ac77e1-2310-f69c-7fcf-88bebe9b7629,5,Furniture Trans 75XC - Wed 24 Mar 2021,0a6f6e36-8b62-11eb-f3d6-8c6fed809276,furniture Trans Z6P4 - Thu 25 Mar 2021,0a6f6e36-8b62-11eb-f3d6-8d384a313e61,,
9fcb6481-40cd-cba5-4cf9-016a7bc57b6c,3,Furniture Trans 75XC - Wed 24 Mar 2021,0a6f6e36-8b62-11eb-f3d6-8c6fed809276,Trans MRP2 - Wed 24 Mar 2021,0a6f6e36-8b62-11eb-f3d6-8c7d53da0db9,,
95a9f235-00b9-5d9b-1aa3-16cebae59c13,4,Furniture Trans 75XC - Wed 24 Mar 2021,0a6f6e36-8b62-11eb-f3d6-8c6fed809276,Trans MRP2 - Wed 24 Mar 2021,0a6f6e36-8b62-11eb-f3d6-8c7d53da0db9,,
93e78186-7d89-da7b-c9b2-b0f22ea42d88,3,Furniture Trans 75XC - Wed 24 Mar 2021,0a6f6e36-8b62-11eb-f3d6-8c6fed809276,Trans MRP2 - Wed 24 Mar 2021,0a6f6e36-8b62-11eb-f3d6-8c7d53da0db9,,
faf6f67b-346b-571b-d153-82f22e3d3a20,4,Furniture Trans 75XC - Wed 24 Mar 2021,0a6f6e36-8b62-11eb-f3d6-8c6fed809276,Trans MRP2 - Wed 24 Mar 2021,0a6f6e36-8b62-11eb-f3d6-8c7d53da0db9,,
d51d1931-b953-4394-fee9-b690ce0958cb,3,Furniture Trans 75XC - Wed 24 Mar 2021,0a6f6e36-8b62-11eb-f3d6-8c6fed809276,Trans MRP2 - Wed 24 Mar 2021,0a6f6e36-8b62-11eb-f3d6-8c7d53da0db9,,
b47e7edd-39d4-fe65-50a8-075036bfa0de,7,Furniture Trans 75XC - Wed 24 Mar 2021,0a6f6e36-8b62-11eb-f3d6-8c6fed809276,furniture Trans Z6P4 - Thu 25 Mar 2021,0a6f6e36-8b62-11eb-f3d6-8d384a313e61,,
cd36ded7-65b3-acb3-cb90-a0872f80d48d,6,Furniture Trans 75XC - Wed 24 Mar 2021,0a6f6e36-8b62-11eb-f3d6-8c6fed809276,Trans 2M53 - Wed 24 Mar 2021,0a6f6e36-8b62-11eb-f3d6-8c73ce025a61,,
4b3c28d0-6ea6-b87d-a0ec-1bb1d78f5bfc,6,Furniture Trans 75XC - Wed 24 Mar 2021,0a6f6e36-8b62-11eb-f3d6-8c6fed809276,Trans 2M53 - Wed 24 Mar 2021,0a6f6e36-8b62-11eb-f3d6-8c73ce025a61,,
a48ac5cf-099a-ba62-c2a3-f7100df395cb,5,Furniture Trans 75XC - Wed 24 Mar 2021,0a6f6e36-8b62-11eb-f3d6-8c6fed809276,furniture Trans Z6P4 - Thu 25 Mar 2021,0a6f6e36-8b62-11eb-f3d6-8d384a313e61,,
90235ded-7c47-5558-4ac8-d7dd0ee5e829,6,Furniture Trans 75XC - Wed 24 Mar 2021,0a6f6e36-8b62-11eb-f3d6-8c6fed809276,Trans MRP2 - Wed 24 Mar 2021,0a6f6e36-8b62-11eb-f3d6-8c7d53da0db9,,
84915ca9-2ecb-9147-00fb-a50096d79a66,5,Furniture Trans 75XC - Wed 24 Mar 2021,0a6f6e36-8b62-11eb-f3d6-8c6fed809276,Trans MRP2 - Wed 24 Mar 2021,0a6f6e36-8b62-11eb-f3d6-8c7d53da0db9,,
13778ffe-b888-ef1d-d647-da1163532f8e,8,Furniture Trans 75XC - Wed 24 Mar 2021,0a6f6e36-8b62-11eb-f3d6-8c6fed809276,Trans 2M53 - Wed 24 Mar 2021,0a6f6e36-8b62-11eb-f3d6-8c73ce025a61,,
4176d12d-9237-e713-6c0c-1ab54dc35c22,10,Furniture Trans 75XC - Wed 24 Mar 2021,0a6f6e36-8b62-11eb-f3d6-8c6fed809276,furniture Trans Z6P4 - Thu 25 Mar 2021,0a6f6e36-8b62-11eb-f3d6-8d384a313e61,,
8fd8c1a1-fbaa-7ee1-cc2a-f1a73d191955,10,Furniture Trans 75XC - Wed 24 Mar 2021,0a6f6e36-8b62-11eb-f3d6-8c6fed809276,Trans MRP2 - Wed 24 Mar 2021,0a6f6e36-8b62-11eb-f3d6-8c7d53da0db9,Trans 5427 - Wed 24 Mar 2021,0a6f6e36-8b62-11eb-f3d6-8c8908160c49
02dcd191-ae62-11e6-f485-4cbc22ea47e7,16,Furniture Trans 75XC - Wed 24 Mar 2021,0a6f6e36-8b62-11eb-f3d6-8c6fed809276,furniture Trans Z6P4 - Thu 25 Mar 2021,0a6f6e36-8b62-11eb-f3d6-8d384a313e61,,
02dcd191-ae62-11e6-f485-4cbc7b0ff250,6,Furniture Trans 75XC - Wed 24 Mar 2021,0a6f6e36-8b62-11eb-f3d6-8c6fed809276,,,,
0a4735cc-4962-11e7-fc9e-c52c10eb594c,12,Furniture Trans 75XC - Wed 24 Mar 2021,0a6f6e36-8b62-11eb-f3d6-8c6fed809276,furniture Trans Z6P4 - Thu 25 Mar 2021,0a6f6e36-8b62-11eb-f3d6-8d384a313e61,Trans JVBT - Thu 25 Mar 2021,0a6f6e36-8b62-11eb-f3d6-8d4e11f31056
02dcd191-ae62-11e6-f485-4cbc86511cee,17,Furniture Trans 75XC - Wed 24 Mar 2021,0a6f6e36-8b62-11eb-f3d6-8c6fed809276,furniture Trans Z6P4 - Thu 25 Mar 2021,0a6f6e36-8b62-11eb-f3d6-8d384a313e61,,
02dcd191-ae62-11e6-f485-4cbc8662a9bc,15,Furniture Trans 75XC - Wed 24 Mar 2021,0a6f6e36-8b62-11eb-f3d6-8c6fed809276,furniture Trans Z6P4 - Thu 25 Mar 2021,0a6f6e36-8b62-11eb-f3d6-8d384a313e61,,
02dcd191-ae62-11e6-edd8-d37c264feb40,18,Furniture Trans 75XC - Wed 24 Mar 2021,0a6f6e36-8b62-11eb-f3d6-8c6fed809276,Trans 96LW - Wed 24 Mar 2021,0a6f6e36-8b62-11eb-f3d6-8cabb9f7ae5f,,
02dcd191-ae62-11e6-f485-c2cec7a1681a,15,Furniture Trans 75XC - Wed 24 Mar 2021,0a6f6e36-8b62-11eb-f3d6-8c6fed809276,Trans 96LW - Wed 24 Mar 2021,0a6f6e36-8b62-11eb-f3d6-8cabb9f7ae5f,,
02dcd191-ae62-11e6-f485-4cbc77a6b931,24,Furniture Trans 75XC - Wed 24 Mar 2021,0a6f6e36-8b62-11eb-f3d6-8c6fed809276,furniture Trans Z6P4 - Thu 25 Mar 2021,0a6f6e36-8b62-11eb-f3d6-8d384a313e61,,
02dcd191-ae62-11e6-f485-4cbc77927f68,20,Furniture Trans 75XC - Wed 24 Mar 2021,0a6f6e36-8b62-11eb-f3d6-8c6fed809276,furniture Trans Z6P4 - Thu 25 Mar 2021,0a6f6e36-8b62-11eb-f3d6-8d384a313e61,Trans JVBT - Thu 25 Mar 2021,0a6f6e36-8b62-11eb-f3d6-8d4e11f31056
06a7baa5-e606-184f-fcd3-106123e8571a,2,Trans A8N3 - Wed 24 Mar 2021,0a6f6e36-8b62-11eb-f3d6-8c718aef4147,,,,
0844c7cc-25d0-700d-43dd-3f5caae22079,8,Trans A8N3 - Wed 24 Mar 2021,0a6f6e36-8b62-11eb-f3d6-8c718aef4147,Trans 2M53 - Wed 24 Mar 2021,0a6f6e36-8b62-11eb-f3d6-8c73ce025a61,,
10c9ba55-e133-b99a-b5d0-7e1e8bad7020,5,Trans A8N3 - Wed 24 Mar 2021,0a6f6e36-8b62-11eb-f3d6-8c718aef4147,Trans 2M53 - Wed 24 Mar 2021,0a6f6e36-8b62-11eb-f3d6-8c73ce025a61,,
146cb7ba-e9a1-6504-5d0f-cb8e8b70bcf9,5,Trans A8N3 - Wed 24 Mar 2021,0a6f6e36-8b62-11eb-f3d6-8c718aef4147,Trans 2M53 - Wed 24 Mar 2021,0a6f6e36-8b62-11eb-f3d6-8c73ce025a61,,
191c42fa-cbc9-9534-5192-8557d9e4d1f9,4,Trans A8N3 - Wed 24 Mar 2021,0a6f6e36-8b62-11eb-f3d6-8c718aef4147,,,,
1d74cff8-691a-5781-8313-eb31fb8f8a0d,7,Trans A8N3 - Wed 24 Mar 2021,0a6f6e36-8b62-11eb-f3d6-8c718aef4147,Trans 2M53 - Wed 24 Mar 2021,0a6f6e36-8b62-11eb-f3d6-8c73ce025a61,,
242c3c28-0c05-7072-26a3-d313fcf0786b,5,Trans A8N3 - Wed 24 Mar 2021,0a6f6e36-8b62-11eb-f3d6-8c718aef4147,Trans 2M53 - Wed 24 Mar 2021,0a6f6e36-8b62-11eb-f3d6-8c73ce025a61,,
2de4827e-480c-1722-9c5c-6c1734eac035,4,Trans A8N3 - Wed 24 Mar 2021,0a6f6e36-8b62-11eb-f3d6-8c718aef4147,Trans 74PG - Wed 24 Mar 2021,0a6f6e36-8b62-11eb-f3d6-8c95491590c0,,
3ab88aca-ff9b-57b6-5b9a-2a82487c3f21,6,Trans A8N3 - Wed 24 Mar 2021,0a6f6e36-8b62-11eb-f3d6-8c718aef4147,Trans 2M53 - Wed 24 Mar 2021,0a6f6e36-8b62-11eb-f3d6-8c73ce025a61,,
3fe6d127-aa25-fa70-ef71-6b73399823d7,6,Trans A8N3 - Wed 24 Mar 2021,0a6f6e36-8b62-11eb-f3d6-8c718aef4147,Trans 2M53 - Wed 24 Mar 2021,0a6f6e36-8b62-11eb-f3d6-8c73ce025a61,,
4580ef87-fd4d-9f44-9cdf-3d60752e633d,5,Trans A8N3 - Wed 24 Mar 2021,0a6f6e36-8b62-11eb-f3d6-8c718aef4147,Trans 2M53 - Wed 24 Mar 2021,0a6f6e36-8b62-11eb-f3d6-8c73ce025a61,,
5d1f0bb2-3949-5958-a8cb-66fad2c5e336,8,Trans A8N3 - Wed 24 Mar 2021,0a6f6e36-8b62-11eb-f3d6-8c718aef4147,Trans 74PG - Wed 24 Mar 2021,0a6f6e36-8b62-11eb-f3d6-8c95491590c0,,
69717fe6-5c5d-c9af-7719-2891f19534e3,5,Trans A8N3 - Wed 24 Mar 2021,0a6f6e36-8b62-11eb-f3d6-8c718aef4147,Trans 2M53 - Wed 24 Mar 2021,0a6f6e36-8b62-11eb-f3d6-8c73ce025a61,,
6f6343e6-efdc-e7f5-fe83-ee9d98e50129,6,Trans A8N3 - Wed 24 Mar 2021,0a6f6e36-8b62-11eb-f3d6-8c718aef4147,Trans 2M53 - Wed 24 Mar 2021,0a6f6e36-8b62-11eb-f3d6-8c73ce025a61,,
75d64230-bb53-b3f0-1494-240c50288984,5,Trans A8N3 - Wed 24 Mar 2021,0a6f6e36-8b62-11eb-f3d6-8c718aef4147,Trans 2M53 - Wed 24 Mar 2021,0a6f6e36-8b62-11eb-f3d6-8c73ce025a61,,
7d36092d-3779-9ca2-d395-3f15a268bf3f,6,Trans A8N3 - Wed 24 Mar 2021,0a6f6e36-8b62-11eb-f3d6-8c718aef4147,Trans 2M53 - Wed 24 Mar 2021,0a6f6e36-8b62-11eb-f3d6-8c73ce025a61,,
8e3c3086-a2d1-559c-c7ea-e798c68fc1e8,4,Trans A8N3 - Wed 24 Mar 2021,0a6f6e36-8b62-11eb-f3d6-8c718aef4147,Trans 2M53 - Wed 24 Mar 2021,0a6f6e36-8b62-11eb-f3d6-8c73ce025a61,,
954223a0-3346-7776-1e92-8c397987357c,4,Trans A8N3 - Wed 24 Mar 2021,0a6f6e36-8b62-11eb-f3d6-8c718aef4147,Trans 2M53 - Wed 24 Mar 2021,0a6f6e36-8b62-11eb-f3d6-8c73ce025a61,,
98e3074e-181d-547e-523d-f2326ef486c2,3,Trans A8N3 - Wed 24 Mar 2021,0a6f6e36-8b62-11eb-f3d6-8c718aef4147,Trans 2M53 - Wed 24 Mar 2021,0a6f6e36-8b62-11eb-f3d6-8c73ce025a61,,
99627bd7-f2b9-e108-919a-9f6148f1caa5,4,Trans A8N3 - Wed 24 Mar 2021,0a6f6e36-8b62-11eb-f3d6-8c718aef4147,Trans 2M53 - Wed 24 Mar 2021,0a6f6e36-8b62-11eb-f3d6-8c73ce025a61,,
9e23354d-64f9-85b0-547d-b22432a6c863,6,Trans A8N3 - Wed 24 Mar 2021,0a6f6e36-8b62-11eb-f3d6-8c718aef4147,Trans 2M53 - Wed 24 Mar 2021,0a6f6e36-8b62-11eb-f3d6-8c73ce025a61,,
a44a560d-fcab-fe6e-62be-f9a2a6e52df9,5,Trans A8N3 - Wed 24 Mar 2021,0a6f6e36-8b62-11eb-f3d6-8c718aef4147,Trans 2M53 - Wed 24 Mar 2021,0a6f6e36-8b62-11eb-f3d6-8c73ce025a61,,
a495d99b-6643-9739-f209-7045c07e29de,6,Trans A8N3 - Wed 24 Mar 2021,0a6f6e36-8b62-11eb-f3d6-8c718aef4147,Trans 2M53 - Wed 24 Mar 2021,0a6f6e36-8b62-11eb-f3d6-8c73ce025a61,,
b07c36ce-e025-8a0a-6c15-85a791faf765,5,Trans A8N3 - Wed 24 Mar 2021,0a6f6e36-8b62-11eb-f3d6-8c718aef4147,Trans 2M53 - Wed 24 Mar 2021,0a6f6e36-8b62-11eb-f3d6-8c73ce025a61,,
bcf6a057-5c29-8f4c-767e-8f007584202e,8,Trans A8N3 - Wed 24 Mar 2021,0a6f6e36-8b62-11eb-f3d6-8c718aef4147,Trans 2M53 - Wed 24 Mar 2021,0a6f6e36-8b62-11eb-f3d6-8c73ce025a61,,
c9a85b66-fc08-8baa-0439-894b50a8715d,6,Trans A8N3 - Wed 24 Mar 2021,0a6f6e36-8b62-11eb-f3d6-8c718aef4147,Trans 2M53 - Wed 24 Mar 2021,0a6f6e36-8b62-11eb-f3d6-8c73ce025a61,,
cddb0b3b-709c-8c01-b47c-d4f60870fae2,2,Trans A8N3 - Wed 24 Mar 2021,0a6f6e36-8b62-11eb-f3d6-8c718aef4147,Trans 2M53 - Wed 24 Mar 2021,0a6f6e36-8b62-11eb-f3d6-8c73ce025a61,,
d05f5125-f476-94fb-5171-222f168dc89e,4,Trans A8N3 - Wed 24 Mar 2021,0a6f6e36-8b62-11eb-f3d6-8c718aef4147,Trans 2M53 - Wed 24 Mar 2021,0a6f6e36-8b62-11eb-f3d6-8c73ce025a61,,
d0a52f74-0930-63a2-5fcb-1003c9f12226,4,Trans A8N3 - Wed 24 Mar 2021,0a6f6e36-8b62-11eb-f3d6-8c718aef4147,Trans 2M53 - Wed 24 Mar 2021,0a6f6e36-8b62-11eb-f3d6-8c73ce025a61,,
da4e3ede-d191-bbe4-898d-508b716408be,2,Trans A8N3 - Wed 24 Mar 2021,0a6f6e36-8b62-11eb-f3d6-8c718aef4147,Trans RV39 - Wed 24 Mar 2021,0a6f6e36-8b62-11eb-f3d6-8c96e3e56b65,,
dce65087-df4a-0a1f-b945-1f25485a9349,8,Trans A8N3 - Wed 24 Mar 2021,0a6f6e36-8b62-11eb-f3d6-8c718aef4147,Trans 2M53 - Wed 24 Mar 2021,0a6f6e36-8b62-11eb-f3d6-8c73ce025a61,,
e77ceec4-6981-371b-3aa2-ec848689de3a,4,Trans A8N3 - Wed 24 Mar 2021,0a6f6e36-8b62-11eb-f3d6-8c718aef4147,Trans 2M53 - Wed 24 Mar 2021,0a6f6e36-8b62-11eb-f3d6-8c73ce025a61,,
ea4bb4e4-330a-f61d-3e9f-19d7371747e7,4,Trans A8N3 - Wed 24 Mar 2021,0a6f6e36-8b62-11eb-f3d6-8c718aef4147,Trans 2M53 - Wed 24 Mar 2021,0a6f6e36-8b62-11eb-f3d6-8c73ce025a61,,
ef88a986-8a6a-b508-191c-8f029d7f7646,6,Trans A8N3 - Wed 24 Mar 2021,0a6f6e36-8b62-11eb-f3d6-8c718aef4147,,,,
efc2cd03-19db-a25b-a17e-1700fbcf90c2,4,Trans A8N3 - Wed 24 Mar 2021,0a6f6e36-8b62-11eb-f3d6-8c718aef4147,Trans 2M53 - Wed 24 Mar 2021,0a6f6e36-8b62-11eb-f3d6-8c73ce025a61,,
f0a1cce8-1a80-d648-050f-174bd13cf2cd,4,Trans A8N3 - Wed 24 Mar 2021,0a6f6e36-8b62-11eb-f3d6-8c718aef4147,Trans 2M53 - Wed 24 Mar 2021,0a6f6e36-8b62-11eb-f3d6-8c73ce025a61,,
f3727396-1278-daef-1083-e5b6613878bf,5,Trans A8N3 - Wed 24 Mar 2021,0a6f6e36-8b62-11eb-f3d6-8c718aef4147,Trans 2M53 - Wed 24 Mar 2021,0a6f6e36-8b62-11eb-f3d6-8c73ce025a61,,
faf70300-4c7a-1f88-6892-7bb1d89d6e11,4,Trans A8N3 - Wed 24 Mar 2021,0a6f6e36-8b62-11eb-f3d6-8c718aef4147,Trans 2M53 - Wed 24 Mar 2021,0a6f6e36-8b62-11eb-f3d6-8c73ce025a61,,
bd6d28e0-7435-2268-ee91-64e8429494fc,2,Trans 2M53 - Wed 24 Mar 2021,0a6f6e36-8b62-11eb-f3d6-8c73ce025a61,,,,
b6de546c-2010-2e95-137e-0636550be22a,2,Trans 2M53 - Wed 24 Mar 2021,0a6f6e36-8b62-11eb-f3d6-8c73ce025a61,,,,
dc4da10c-c57e-7756-642e-eca0ecccfed7,6,Beginning April Container,7ffc7e48-538e-44f8-869c-7cd4cf9a6564,,,,
8d6db8b5-06bc-d7fd-9756-b1ace007609c,11,Beginning April Container,7ffc7e48-538e-44f8-869c-7cd4cf9a6564,Trans GH4E - Wed 24 Mar 2021,0a6f6e36-8b62-11eb-f3d6-8c9dd7ad582a,,
d02df0d7-b840-f351-93c0-06f80ff8f4bb,4,Beginning April Container,7ffc7e48-538e-44f8-869c-7cd4cf9a6564,,,,
a350043f-4146-6333-e3f2-057c79beaa54,3,Beginning April Container,7ffc7e48-538e-44f8-869c-7cd4cf9a6564,,,,
c0ca25db-31cd-b043-33a5-42ef5ce06cdc,3,Beginning April Container,7ffc7e48-538e-44f8-869c-7cd4cf9a6564,,,,
58087127-9060-2bb9-6b9e-5024707a8a6b,7,Beginning April Container,7ffc7e48-538e-44f8-869c-7cd4cf9a6564,Trans GH4E - Wed 24 Mar 2021,0a6f6e36-8b62-11eb-f3d6-8c9dd7ad582a,,
34e0fa84-728d-2347-e3ab-7977ec090389,3,Beginning April Container,7ffc7e48-538e-44f8-869c-7cd4cf9a6564,,,,
85e2b21f-010f-9f48-9682-57cb7abeaa25,4,Beginning April Container,7ffc7e48-538e-44f8-869c-7cd4cf9a6564,,,,
2b0935e7-a660-7674-de26-6624fd63ae26,6,Beginning April Container,7ffc7e48-538e-44f8-869c-7cd4cf9a6564,,,,
9621acaa-cfea-ebd1-563f-af2af486fa34,3,Beginning April Container,7ffc7e48-538e-44f8-869c-7cd4cf9a6564,,,,
a159ea6f-ea89-5274-c2ff-9f0db699a286,4,Beginning April Container,7ffc7e48-538e-44f8-869c-7cd4cf9a6564,,,,
e9bf0f0e-42da-f774-5d0d-06c935c25f4e,6,Beginning April Container,7ffc7e48-538e-44f8-869c-7cd4cf9a6564,,,,
c9939b84-098a-1907-39dd-963f1b264d99,1,Beginning April Container,7ffc7e48-538e-44f8-869c-7cd4cf9a6564,,,,
1026914d-d17f-8a8e-d1d8-4d18da43c539,3,Beginning April Container,7ffc7e48-538e-44f8-869c-7cd4cf9a6564,,,,
4cf68597-8248-4dfa-31e6-ae7194ffd94c,8,Beginning April Container,7ffc7e48-538e-44f8-869c-7cd4cf9a6564,,,,
526a887a-6936-be91-a976-0a365d1fcc81,4,Beginning April Container,7ffc7e48-538e-44f8-869c-7cd4cf9a6564,,,,
06b42474-c54e-ae8a-9dc8-e3f654d9120c,8,Beginning April Container,7ffc7e48-538e-44f8-869c-7cd4cf9a6564,,,,
0c6316d2-0880-638b-034c-2f4f0900231a,6,Beginning April Container,7ffc7e48-538e-44f8-869c-7cd4cf9a6564,,,,
684b3271-8759-d97c-347b-5a57a0dcf692,12,Beginning April Container,7ffc7e48-538e-44f8-869c-7cd4cf9a6564,,,,
3a2447bc-92d2-ff62-52d7-a1eb10a4206a,8,Beginning April Container,7ffc7e48-538e-44f8-869c-7cd4cf9a6564,,,,
0ccffaa1-278c-0d39-0526-3a8ab188ce06,12,Beginning April Container,7ffc7e48-538e-44f8-869c-7cd4cf9a6564,,,,
9ad92342-a6bb-8508-a217-4667c6aec0cf,6,Beginning April Container,7ffc7e48-538e-44f8-869c-7cd4cf9a6564,,,,
15f75ae6-5baa-4c50-040e-d6b3207559bc,4,Beginning April Container,7ffc7e48-538e-44f8-869c-7cd4cf9a6564,,,,
51269454-b94c-1639-e969-f8eec1e101e1,3,Beginning April Container,7ffc7e48-538e-44f8-869c-7cd4cf9a6564,,,,
9251fcc2-d8a9-a7e1-9878-1cedf4f5e2f3,11,Beginning April Container,7ffc7e48-538e-44f8-869c-7cd4cf9a6564,Trans GH4E - Wed 24 Mar 2021,0a6f6e36-8b62-11eb-f3d6-8c9dd7ad582a,,
b33a6f94-568a-db06-21fe-efc87dfdc686,15,Beginning April Container,7ffc7e48-538e-44f8-869c-7cd4cf9a6564,Trans GH4E - Wed 24 Mar 2021,0a6f6e36-8b62-11eb-f3d6-8c9dd7ad582a,,
8817e8c7-47ac-731b-f8e6-1505a679ef76,6,Beginning April Container,7ffc7e48-538e-44f8-869c-7cd4cf9a6564,,,,
5e1c21c8-0276-cbbc-01fd-9e0cf769b275,3,Beginning April Container,7ffc7e48-538e-44f8-869c-7cd4cf9a6564,,,,
8dd70c55-2b57-ebbb-20b0-4b8a0d0df94b,8,Beginning April Container,7ffc7e48-538e-44f8-869c-7cd4cf9a6564,,,,
417e56a1-6229-f008-c448-8de53882294f,21,Beginning April Container,7ffc7e48-538e-44f8-869c-7cd4cf9a6564,Beginning April Container,1821e54c-db98-4039-8bd3-fc478176c725,,
5fbf1a01-c0c0-c812-c795-605ae8dbc76c,12,Beginning April Container,7ffc7e48-538e-44f8-869c-7cd4cf9a6564,,,,
f5bae5d6-ea78-bc6b-2184-ad2a2a2d2e6d,4,Beginning April Container,7ffc7e48-538e-44f8-869c-7cd4cf9a6564,,,,
b29a6e08-dd57-2c1a-ea39-d48196ed1768,12,Beginning April Container,7ffc7e48-538e-44f8-869c-7cd4cf9a6564,,,,
c934f1a0-2930-3996-890d-0f993bcb1517,8,Beginning April Container,7ffc7e48-538e-44f8-869c-7cd4cf9a6564,,,,
fe761c5f-eae2-2e26-8e3e-71e4c08439da,3,Beginning April Container,7ffc7e48-538e-44f8-869c-7cd4cf9a6564,,,,
b8e9d51e-43e9-0659-fe73-7e027e998062,6,Beginning April Container,7ffc7e48-538e-44f8-869c-7cd4cf9a6564,,,,
04101ded-3349-faed-2a90-d1ac688c2a45,1,Beginning April Container,7ffc7e48-538e-44f8-869c-7cd4cf9a6564,,,,
75f86274-9c64-caf7-5c79-7b75524e768c,12,Beginning April Container,7ffc7e48-538e-44f8-869c-7cd4cf9a6564,,,,
58fa440b-2623-8103-597e-88a5536a7401,6,Beginning April Container,7ffc7e48-538e-44f8-869c-7cd4cf9a6564,,,,
3f5b35f9-38eb-cee4-92b8-b17ff2441b5b,4,Beginning April Container,7ffc7e48-538e-44f8-869c-7cd4cf9a6564,,,,
a309359e-8f01-71b8-4718-5daa87dd31f4,4,Beginning April Container,7ffc7e48-538e-44f8-869c-7cd4cf9a6564,,,,
123fdf74-bce0-ab80-eb3c-41b585d00c91,5,Beginning April Container,7ffc7e48-538e-44f8-869c-7cd4cf9a6564,Trans GH4E - Wed 24 Mar 2021,0a6f6e36-8b62-11eb-f3d6-8c9dd7ad582a,,
78cf266e-c2a0-8363-757d-4bd31db845dc,8,Beginning April Container,7ffc7e48-538e-44f8-869c-7cd4cf9a6564,,,,
ebb7daa9-98a4-e899-2000-af92dc724464,6,Beginning April Container,7ffc7e48-538e-44f8-869c-7cd4cf9a6564,,,,
84c5dcea-e99d-0062-8cc6-dfbe3bc7ee36,9,Beginning April Container,7ffc7e48-538e-44f8-869c-7cd4cf9a6564,,,,
7665104d-2421-d1dc-528a-9008a4786151,6,Beginning April Container,7ffc7e48-538e-44f8-869c-7cd4cf9a6564,,,,
9cde11ba-990f-3bdd-912c-129a177bd021,6,Beginning April Container,7ffc7e48-538e-44f8-869c-7cd4cf9a6564,,,,
46911716-f297-37a6-c683-3820bc1e59eb,6,Beginning April Container,7ffc7e48-538e-44f8-869c-7cd4cf9a6564,,,,
b7f1a415-d1df-5087-746f-340cde33c133,1,Beginning April Container,7ffc7e48-538e-44f8-869c-7cd4cf9a6564,,,,
66527c7b-abf3-0e76-f080-c189d1781a13,6,Beginning April Container,7ffc7e48-538e-44f8-869c-7cd4cf9a6564,,,,
02dcd191-ae62-11e7-f130-5ab44a976e5d,2,Trans MRP2 - Wed 24 Mar 2021,0a6f6e36-8b62-11eb-f3d6-8c7d53da0db9,,,,
61417967-8619-dee5-4da8-83bb482fe1d0,2,Trans MRP2 - Wed 24 Mar 2021,0a6f6e36-8b62-11eb-f3d6-8c7d53da0db9,,,,
66dc20e5-57a3-1a62-7ba9-b60e80964c1a,2,Trans MRP2 - Wed 24 Mar 2021,0a6f6e36-8b62-11eb-f3d6-8c7d53da0db9,,,,
02dcd191-ae62-11e7-f130-4ed01947cc95,2,Trans MRP2 - Wed 24 Mar 2021,0a6f6e36-8b62-11eb-f3d6-8c7d53da0db9,,,,
02dcd191-ae62-11e7-f130-4ed02bf84ea8,2,Trans MRP2 - Wed 24 Mar 2021,0a6f6e36-8b62-11eb-f3d6-8c7d53da0db9,,,,
3334d447-774d-108d-b2c6-2cc7ad933635,3,Trans MRP2 - Wed 24 Mar 2021,0a6f6e36-8b62-11eb-f3d6-8c7d53da0db9,,,,
02dcd191-ae62-11e7-f130-5ab261dd9979,1,Trans MRP2 - Wed 24 Mar 2021,0a6f6e36-8b62-11eb-f3d6-8c7d53da0db9,,,,
02dcd191-ae62-11e7-edd8-186d9b915113,1,Trans MRP2 - Wed 24 Mar 2021,0a6f6e36-8b62-11eb-f3d6-8c7d53da0db9,,,,
02dcd191-ae62-11e6-f485-6e92e58f133e,1,Trans MRP2 - Wed 24 Mar 2021,0a6f6e36-8b62-11eb-f3d6-8c7d53da0db9,,,,
1f56fe40-4354-3385-b3c8-45e6daaccd66,2,Trans MRP2 - Wed 24 Mar 2021,0a6f6e36-8b62-11eb-f3d6-8c7d53da0db9,,,,
691afc4d-d7ed-073e-2cc5-adde816090aa,4,Trans MRP2 - Wed 24 Mar 2021,0a6f6e36-8b62-11eb-f3d6-8c7d53da0db9,Trans GH4E - Wed 24 Mar 2021,0a6f6e36-8b62-11eb-f3d6-8c9dd7ad582a,,
86503895-6b9b-a7b5-6410-355d1d85cdbc,3,Trans MRP2 - Wed 24 Mar 2021,0a6f6e36-8b62-11eb-f3d6-8c7d53da0db9,,,,
dc9ea44b-cf27-4edd-6c97-db5a940e6b29,3,Trans MRP2 - Wed 24 Mar 2021,0a6f6e36-8b62-11eb-f3d6-8c7d53da0db9,,,,
b68480c7-5442-94f6-6568-d7fe56694358,3,Trans MRP2 - Wed 24 Mar 2021,0a6f6e36-8b62-11eb-f3d6-8c7d53da0db9,,,,
dbb5e4dc-0d06-c6c3-eba3-49944fb18ea8,2,Trans MRP2 - Wed 24 Mar 2021,0a6f6e36-8b62-11eb-f3d6-8c7d53da0db9,,,,
e1e6ae80-61c2-8dc7-7bb5-42040eab8f85,2,Trans MRP2 - Wed 24 Mar 2021,0a6f6e36-8b62-11eb-f3d6-8c7d53da0db9,,,,
61b3de66-b0bb-f180-978c-3f779ccbeca8,1,Trans MRP2 - Wed 24 Mar 2021,0a6f6e36-8b62-11eb-f3d6-8c7d53da0db9,,,,
02dcd191-ae62-11e7-f130-5b3a2f0378d7,1,Trans MRP2 - Wed 24 Mar 2021,0a6f6e36-8b62-11eb-f3d6-8c7d53da0db9,,,,
f1b863cb-62fb-bc5a-1e14-374cec25d281,3,Trans MRP2 - Wed 24 Mar 2021,0a6f6e36-8b62-11eb-f3d6-8c7d53da0db9,,,,
2798432e-6246-c8ae-2f85-473b0b82e6bb,3,Trans MRP2 - Wed 24 Mar 2021,0a6f6e36-8b62-11eb-f3d6-8c7d53da0db9,,,,
f3d20e14-8c1c-93fe-31c7-fa6eeb3c73aa,3,Trans MRP2 - Wed 24 Mar 2021,0a6f6e36-8b62-11eb-f3d6-8c7d53da0db9,,,,
254274eb-fca3-0167-be70-2f1801714b00,3,Trans MRP2 - Wed 24 Mar 2021,0a6f6e36-8b62-11eb-f3d6-8c7d53da0db9,,,,
f1b47bea-8bb8-32f0-928e-10dc4f2162f5,2,Trans MRP2 - Wed 24 Mar 2021,0a6f6e36-8b62-11eb-f3d6-8c7d53da0db9,,,,
d7f4aa30-502e-4a96-80cd-288fd3f833fd,3,Trans MRP2 - Wed 24 Mar 2021,0a6f6e36-8b62-11eb-f3d6-8c7d53da0db9,,,,
20d5b92d-1604-0eb7-bd8c-be9c78f5e9ae,3,Trans MRP2 - Wed 24 Mar 2021,0a6f6e36-8b62-11eb-f3d6-8c7d53da0db9,,,,
c1c39aae-4102-625d-3f14-ec5f5dcf4c3a,3,Trans MRP2 - Wed 24 Mar 2021,0a6f6e36-8b62-11eb-f3d6-8c7d53da0db9,,,,
bdb50f5a-ec43-b438-6a51-9364f1097059,1,Trans MRP2 - Wed 24 Mar 2021,0a6f6e36-8b62-11eb-f3d6-8c7d53da0db9,,,,
b8cc3ad7-d3e7-8398-3b69-d3d9b8c34919,1,Trans MRP2 - Wed 24 Mar 2021,0a6f6e36-8b62-11eb-f3d6-8c7d53da0db9,,,,
d28c44fd-37f9-24c3-a498-a367146e5e33,2,Trans MRP2 - Wed 24 Mar 2021,0a6f6e36-8b62-11eb-f3d6-8c7d53da0db9,,,,
a76f8960-fd6b-0203-8725-b8efe0cbd9b9,2,Trans MRP2 - Wed 24 Mar 2021,0a6f6e36-8b62-11eb-f3d6-8c7d53da0db9,,,,
57d3de13-d5d6-8817-b4a8-a24bd91f600e,1,Trans MRP2 - Wed 24 Mar 2021,0a6f6e36-8b62-11eb-f3d6-8c7d53da0db9,,,,
c3856d36-9dad-8142-28bf-77651af50278,3,Trans MRP2 - Wed 24 Mar 2021,0a6f6e36-8b62-11eb-f3d6-8c7d53da0db9,,,,
29073d2c-7dc1-cfe5-9088-02c9b13b1c02,3,Trans MRP2 - Wed 24 Mar 2021,0a6f6e36-8b62-11eb-f3d6-8c7d53da0db9,,,,
6525873c-c141-0a5a-6680-5b3f0e1c3cf7,3,Trans MRP2 - Wed 24 Mar 2021,0a6f6e36-8b62-11eb-f3d6-8c7d53da0db9,,,,
014d7d89-7685-fd98-f76e-fbc8f90df85f,3,Trans MRP2 - Wed 24 Mar 2021,0a6f6e36-8b62-11eb-f3d6-8c7d53da0db9,,,,
6d031024-271d-e52d-8926-0be1b3c2b73e,4,Trans MRP2 - Wed 24 Mar 2021,0a6f6e36-8b62-11eb-f3d6-8c7d53da0db9,,,,
db6a50da-db23-61c6-eefa-7926f5ee439a,2,Trans MRP2 - Wed 24 Mar 2021,0a6f6e36-8b62-11eb-f3d6-8c7d53da0db9,,,,
02dcd191-ae62-11e7-edd8-186de6d75e09,2,Trans 5427 - Wed 24 Mar 2021,0a6f6e36-8b62-11eb-f3d6-8c8908160c49,,,,
02dcd191-ae62-11e7-edd8-186eb5a87083,2,Trans 5427 - Wed 24 Mar 2021,0a6f6e36-8b62-11eb-f3d6-8c8908160c49,,,,
02dcd191-ae62-11e7-edd8-186dfb8a3d5f,2,Trans 5427 - Wed 24 Mar 2021,0a6f6e36-8b62-11eb-f3d6-8c8908160c49,,,,
5695f415-f357-2fe7-795e-b489f605c43d,2,Trans 5427 - Wed 24 Mar 2021,0a6f6e36-8b62-11eb-f3d6-8c8908160c49,,,,
fcb44f25-1595-bcb3-3a47-7b08b9da1b8b,2,Trans 5427 - Wed 24 Mar 2021,0a6f6e36-8b62-11eb-f3d6-8c8908160c49,,,,
aa88f580-13dc-b93c-4f76-e362891daa18,2,Trans 5427 - Wed 24 Mar 2021,0a6f6e36-8b62-11eb-f3d6-8c8908160c49,,,,
02dcd191-ae62-11e7-edd8-186de05e771b,3,Trans 5427 - Wed 24 Mar 2021,0a6f6e36-8b62-11eb-f3d6-8c8908160c49,,,,
02dcd191-ae62-11e7-edd8-186e0d53fb28,2,Trans 5427 - Wed 24 Mar 2021,0a6f6e36-8b62-11eb-f3d6-8c8908160c49,,,,
02dcd191-ae62-11e7-f130-5ab38385a9a7,2,Trans 5427 - Wed 24 Mar 2021,0a6f6e36-8b62-11eb-f3d6-8c8908160c49,,,,
8d179f12-ee55-ae6b-fe18-50796976f3f0,2,Trans 5427 - Wed 24 Mar 2021,0a6f6e36-8b62-11eb-f3d6-8c8908160c49,,,,
4048eff1-9466-9586-59c5-852c008dc5db,2,Trans 5427 - Wed 24 Mar 2021,0a6f6e36-8b62-11eb-f3d6-8c8908160c49,,,,
02dcd191-ae62-11e7-edd8-186df435c6a7,2,Trans 5427 - Wed 24 Mar 2021,0a6f6e36-8b62-11eb-f3d6-8c8908160c49,,,,
02dcd191-ae62-11e7-f130-5a3ab5034b24,1,Trans 5427 - Wed 24 Mar 2021,0a6f6e36-8b62-11eb-f3d6-8c8908160c49,,,,
0a4735cc-4962-11e7-fc9e-c5544a06f9d3,18,Trans 5427 - Wed 24 Mar 2021,0a6f6e36-8b62-11eb-f3d6-8c8908160c49,Trans JVBT - Thu 25 Mar 2021,0a6f6e36-8b62-11eb-f3d6-8d4e11f31056,,
1c9f087f-8eb1-c118-1f62-09c76dc24daa,8,Trans 5427 - Wed 24 Mar 2021,0a6f6e36-8b62-11eb-f3d6-8c8908160c49,Trans JVBT - Thu 25 Mar 2021,0a6f6e36-8b62-11eb-f3d6-8d4e11f31056,,
57c928ac-9e2d-b98c-5c54-3d5a724c7143,6,Trans 5427 - Wed 24 Mar 2021,0a6f6e36-8b62-11eb-f3d6-8c8908160c49,,,,
02dcd191-ae62-11e6-f485-4cbc7fa4637f,2,Trans 5427 - Wed 24 Mar 2021,0a6f6e36-8b62-11eb-f3d6-8c8908160c49,Trans JVBT - Thu 25 Mar 2021,0a6f6e36-8b62-11eb-f3d6-8d4e11f31056,,
f01b5d7c-991d-c7ba-a5b2-3daff8e9b26b,2,Trans 5427 - Wed 24 Mar 2021,0a6f6e36-8b62-11eb-f3d6-8c8908160c49,,,,
bcba1f35-c883-96ef-df50-a3aa7937e2ab,2,Trans 5427 - Wed 24 Mar 2021,0a6f6e36-8b62-11eb-f3d6-8c8908160c49,,,,
a2289851-87b3-18e0-e703-0b0ec7d8ad6c,2,Trans 5427 - Wed 24 Mar 2021,0a6f6e36-8b62-11eb-f3d6-8c8908160c49,,,,
5d4d3b64-8dc5-e3ae-2aa8-8e20f939349c,2,Trans 5427 - Wed 24 Mar 2021,0a6f6e36-8b62-11eb-f3d6-8c8908160c49,,,,
d5c846d7-4f19-adc9-96de-769dda83d86b,1,Trans 5427 - Wed 24 Mar 2021,0a6f6e36-8b62-11eb-f3d6-8c8908160c49,,,,
a0b2fcb1-5213-2412-ac69-bcee8c38fdb1,1,Trans 5427 - Wed 24 Mar 2021,0a6f6e36-8b62-11eb-f3d6-8c8908160c49,,,,
4136a2f6-048b-f7a9-6665-8e426c6f965e,1,Trans 5427 - Wed 24 Mar 2021,0a6f6e36-8b62-11eb-f3d6-8c8908160c49,,,,
5e0dffde-7909-14bc-2484-122a450d48b2,1,Trans 5427 - Wed 24 Mar 2021,0a6f6e36-8b62-11eb-f3d6-8c8908160c49,,,,
1893faf9-1ac4-dbd6-e832-620ac529e265,1,Trans 5427 - Wed 24 Mar 2021,0a6f6e36-8b62-11eb-f3d6-8c8908160c49,,,,
a8f0e55a-ac50-853e-1837-0d6aad2ed6a7,2,Trans 5427 - Wed 24 Mar 2021,0a6f6e36-8b62-11eb-f3d6-8c8908160c49,,,,
d5e8465d-ac69-b7e2-ff4f-800fcae5b51c,1,Trans 5427 - Wed 24 Mar 2021,0a6f6e36-8b62-11eb-f3d6-8c8908160c49,,,,
ae79286b-8d4d-725a-685a-ac5db6ca86f1,2,Trans 5427 - Wed 24 Mar 2021,0a6f6e36-8b62-11eb-f3d6-8c8908160c49,,,,
f4231cbf-3a57-1f3d-672f-f6678ec07c3e,3,Trans 5427 - Wed 24 Mar 2021,0a6f6e36-8b62-11eb-f3d6-8c8908160c49,,,,
abf80315-ebce-26a9-121a-d07920b72ca7,2,Trans 5427 - Wed 24 Mar 2021,0a6f6e36-8b62-11eb-f3d6-8c8908160c49,,,,
9eeb2d30-c7b3-aced-f992-0b44db6e333f,2,Trans 5427 - Wed 24 Mar 2021,0a6f6e36-8b62-11eb-f3d6-8c8908160c49,,,,
c8c39dc9-27ae-dfa0-f328-ba6566670641,2,Trans 5427 - Wed 24 Mar 2021,0a6f6e36-8b62-11eb-f3d6-8c8908160c49,,,,
54dd7ce1-0aa9-bbc2-423d-fe2c3bd9fd0e,1,Trans 5427 - Wed 24 Mar 2021,0a6f6e36-8b62-11eb-f3d6-8c8908160c49,,,,
8921b914-ac47-1228-0c87-d12a830cb804,1,Trans 5427 - Wed 24 Mar 2021,0a6f6e36-8b62-11eb-f3d6-8c8908160c49,,,,
b680b7a3-145c-3b4e-fd6e-84b5f9afddbf,2,Trans 5427 - Wed 24 Mar 2021,0a6f6e36-8b62-11eb-f3d6-8c8908160c49,,,,
a83e76c6-ec4a-aae7-0fd5-d7600a6af830,2,Trans 5427 - Wed 24 Mar 2021,0a6f6e36-8b62-11eb-f3d6-8c8908160c49,,,,
068f9912-1459-56d2-4158-0365b04baaa3,2,Trans 5427 - Wed 24 Mar 2021,0a6f6e36-8b62-11eb-f3d6-8c8908160c49,,,,
644cdb90-6c79-3a9a-a93a-8604821e312d,3,Trans 5427 - Wed 24 Mar 2021,0a6f6e36-8b62-11eb-f3d6-8c8908160c49,,,,
156a1942-940b-342a-19c4-36d24d5b2744,3,Trans 5427 - Wed 24 Mar 2021,0a6f6e36-8b62-11eb-f3d6-8c8908160c49,,,,
89b5b47c-a1b8-521b-9a2e-33cf2f732c8b,8,Trans 5427 - Wed 24 Mar 2021,0a6f6e36-8b62-11eb-f3d6-8c8908160c49,,,,
459d9d1e-af1e-0700-fe82-f692cff7c319,3,Trans 5427 - Wed 24 Mar 2021,0a6f6e36-8b62-11eb-f3d6-8c8908160c49,,,,
0f7d74d8-5b95-874e-ebfa-16eadd64de7c,1,Trans 5427 - Wed 24 Mar 2021,0a6f6e36-8b62-11eb-f3d6-8c8908160c49,,,,
159f8564-25e5-af23-f23b-c7a12627bca7,3,Trans 5427 - Wed 24 Mar 2021,0a6f6e36-8b62-11eb-f3d6-8c8908160c49,,,,
d5375fe3-c529-1120-dbb4-093a0fd6062b,3,Trans 5427 - Wed 24 Mar 2021,0a6f6e36-8b62-11eb-f3d6-8c8908160c49,,,,
f6e8f3ae-c228-669a-c46c-4e6cec32dfd5,1,Trans 5427 - Wed 24 Mar 2021,0a6f6e36-8b62-11eb-f3d6-8c8908160c49,,,,
02dcd191-ae62-11e7-edd8-0a37b6756bdf,2,Trans 5427 - Wed 24 Mar 2021,0a6f6e36-8b62-11eb-f3d6-8c8908160c49,,,,
0b1acdd8-61bd-681e-97c7-b30f1d19a9b5,4,Trans 5427 - Wed 24 Mar 2021,0a6f6e36-8b62-11eb-f3d6-8c8908160c49,,,,
a39ac309-e7fe-9b27-e4cf-1236616d0565,4,Trans 5427 - Wed 24 Mar 2021,0a6f6e36-8b62-11eb-f3d6-8c8908160c49,,,,
b076909a-5fdd-3138-2071-f6fc35d4f27e,2,Trans 5427 - Wed 24 Mar 2021,0a6f6e36-8b62-11eb-f3d6-8c8908160c49,,,,
86f1dd06-fcb2-511d-e4f9-5a26dbd26059,2,Trans 5427 - Wed 24 Mar 2021,0a6f6e36-8b62-11eb-f3d6-8c8908160c49,,,,
54372f31-be3f-f6de-76a1-bdce0b457242,2,Trans 5427 - Wed 24 Mar 2021,0a6f6e36-8b62-11eb-f3d6-8c8908160c49,,,,
246b42a2-e3a8-0b82-0a43-b5ee7049d9ae,2,Trans 5427 - Wed 24 Mar 2021,0a6f6e36-8b62-11eb-f3d6-8c8908160c49,,,,
75d575eb-24c3-cde2-f69d-0c84cb89be90,2,Trans 5427 - Wed 24 Mar 2021,0a6f6e36-8b62-11eb-f3d6-8c8908160c49,,,,
077801e2-7fe4-be9b-808c-b778f104801d,2,Trans 5427 - Wed 24 Mar 2021,0a6f6e36-8b62-11eb-f3d6-8c8908160c49,,,,
a12a56c8-b479-ceff-4215-e7a3e4d09650,2,Trans 5427 - Wed 24 Mar 2021,0a6f6e36-8b62-11eb-f3d6-8c8908160c49,,,,
9b72467b-7873-46d8-3f22-f58053309d18,2,Trans 5427 - Wed 24 Mar 2021,0a6f6e36-8b62-11eb-f3d6-8c8908160c49,,,,
02dcd191-ae62-11e7-f130-a803cbd15810,2,Trans 5427 - Wed 24 Mar 2021,0a6f6e36-8b62-11eb-f3d6-8c8908160c49,,,,
3579723a-91a2-65c4-0f94-47d323c6e9b7,2,Trans 5427 - Wed 24 Mar 2021,0a6f6e36-8b62-11eb-f3d6-8c8908160c49,,,,
30620c30-362e-ac3a-8d99-9ef30815b004,2,Trans 5427 - Wed 24 Mar 2021,0a6f6e36-8b62-11eb-f3d6-8c8908160c49,,,,
3b9f9ffe-3e7a-639a-9ece-0819412c7968,2,Trans 5427 - Wed 24 Mar 2021,0a6f6e36-8b62-11eb-f3d6-8c8908160c49,,,,
0a4735cc-4962-11e7-fc9e-e7e26e456766,5,Trans 5427 - Wed 24 Mar 2021,0a6f6e36-8b62-11eb-f3d6-8c8908160c49,,,,
0a4735cc-4962-11e7-fc9e-e7e0ed7c939f,1,Trans 5427 - Wed 24 Mar 2021,0a6f6e36-8b62-11eb-f3d6-8c8908160c49,,,,
ca843f54-9420-e171-5ce5-5a15a505ec31,2,Trans 5427 - Wed 24 Mar 2021,0a6f6e36-8b62-11eb-f3d6-8c8908160c49,,,,
2a086edb-495f-e637-4315-4549116a5a68,2,Trans 5427 - Wed 24 Mar 2021,0a6f6e36-8b62-11eb-f3d6-8c8908160c49,,,,
b87dac17-366a-7293-0f0b-77cafac0748c,3,Trans 5427 - Wed 24 Mar 2021,0a6f6e36-8b62-11eb-f3d6-8c8908160c49,,,,
02dcd191-ae62-11e6-f485-9521b623dc38,2,Trans 5427 - Wed 24 Mar 2021,0a6f6e36-8b62-11eb-f3d6-8c8908160c49,,,,
efe3bb49-8f14-b0f8-0cd2-c97bfa4e9458,2,Trans 5427 - Wed 24 Mar 2021,0a6f6e36-8b62-11eb-f3d6-8c8908160c49,,,,
972f958b-8752-4fb1-487e-fec980da6989,2,Trans 5427 - Wed 24 Mar 2021,0a6f6e36-8b62-11eb-f3d6-8c8908160c49,,,,
96fc4254-eb86-3d40-5aa8-3046038ca094,2,Trans 5427 - Wed 24 Mar 2021,0a6f6e36-8b62-11eb-f3d6-8c8908160c49,,,,
a3a42372-a48f-4db8-424b-1c6c74de63cd,5,Trans 5427 - Wed 24 Mar 2021,0a6f6e36-8b62-11eb-f3d6-8c8908160c49,,,,
e46bb665-4976-dab2-b717-4f2aa29b12c2,2,Trans 5427 - Wed 24 Mar 2021,0a6f6e36-8b62-11eb-f3d6-8c8908160c49,Trans 8D89 - Wed 24 Mar 2021,0a6f6e36-8b62-11eb-f3d6-8cae2786b7db,,
459918be-f56e-b80d-3aa4-25e9acdf2eb4,3,Trans 5427 - Wed 24 Mar 2021,0a6f6e36-8b62-11eb-f3d6-8c8908160c49,,,,
7ef19447-4dbc-930b-1008-2e413c100269,3,Trans 5427 - Wed 24 Mar 2021,0a6f6e36-8b62-11eb-f3d6-8c8908160c49,,,,
5c185ccf-8fc5-00d8-7952-c659f8a56383,20,Little Dutch Trans 6598 - Wed 24 Mar 2021,0a6f6e36-8b62-11eb-f3d6-8c7af7fd405d,Trans RH98 - Wed 24 Mar 2021,0a6f6e36-8b62-11eb-f3d6-8c8a7136b6da,,
1c9b3277-1bf0-77e1-915b-378e146d3173,20,Little Dutch Trans 6598 - Wed 24 Mar 2021,0a6f6e36-8b62-11eb-f3d6-8c7af7fd405d,Trans RH98 - Wed 24 Mar 2021,0a6f6e36-8b62-11eb-f3d6-8c8a7136b6da,,
64b65b56-833d-ed16-14e8-56430d757a2a,36,Little Dutch Trans 6598 - Wed 24 Mar 2021,0a6f6e36-8b62-11eb-f3d6-8c7af7fd405d,Trans RH98 - Wed 24 Mar 2021,0a6f6e36-8b62-11eb-f3d6-8c8a7136b6da,,
aa361ad1-5138-77e8-95ab-a89cc4bac019,12,Little Dutch Trans 6598 - Wed 24 Mar 2021,0a6f6e36-8b62-11eb-f3d6-8c7af7fd405d,,,,
716e7fb7-542f-7cdd-3928-e8ab757393b9,12,Little Dutch Trans 6598 - Wed 24 Mar 2021,0a6f6e36-8b62-11eb-f3d6-8c7af7fd405d,,,,
2d7d6b8d-dd96-53a9-dbb3-f7dbb5c594ee,12,Little Dutch Trans 6598 - Wed 24 Mar 2021,0a6f6e36-8b62-11eb-f3d6-8c7af7fd405d,,,,
30741507-6d5a-ef39-5af5-19754c111299,12,Little Dutch Trans 6598 - Wed 24 Mar 2021,0a6f6e36-8b62-11eb-f3d6-8c7af7fd405d,,,,
3c397cfa-fffe-c4a8-7345-8c292dbcb7a4,12,Little Dutch Trans 6598 - Wed 24 Mar 2021,0a6f6e36-8b62-11eb-f3d6-8c7af7fd405d,,,,
c089708a-ef4f-1129-6db0-86700a28cd08,18,Little Dutch Trans 6598 - Wed 24 Mar 2021,0a6f6e36-8b62-11eb-f3d6-8c7af7fd405d,,,,
3cc8d78c-cad3-6018-5ef1-bdf6a31be6a3,18,Little Dutch Trans 6598 - Wed 24 Mar 2021,0a6f6e36-8b62-11eb-f3d6-8c7af7fd405d,,,,
134faef3-50f6-dd2e-c3b1-4b81d527c202,30,Little Dutch Trans 6598 - Wed 24 Mar 2021,0a6f6e36-8b62-11eb-f3d6-8c7af7fd405d,Trans RH98 - Wed 24 Mar 2021,0a6f6e36-8b62-11eb-f3d6-8c8a7136b6da,,
7466ee7d-bee4-0088-1241-02cd2e1a6f3f,24,Little Dutch Trans 6598 - Wed 24 Mar 2021,0a6f6e36-8b62-11eb-f3d6-8c7af7fd405d,Trans RH98 - Wed 24 Mar 2021,0a6f6e36-8b62-11eb-f3d6-8c8a7136b6da,,
a06393e1-efff-c363-a624-a49a2a2caeb9,14,Little Dutch Trans 6598 - Wed 24 Mar 2021,0a6f6e36-8b62-11eb-f3d6-8c7af7fd405d,Trans RH98 - Wed 24 Mar 2021,0a6f6e36-8b62-11eb-f3d6-8c8a7136b6da,,
b88c0a3d-7c63-fbe6-c867-cd94273a16b3,15,Little Dutch Trans 6598 - Wed 24 Mar 2021,0a6f6e36-8b62-11eb-f3d6-8c7af7fd405d,Trans RH98 - Wed 24 Mar 2021,0a6f6e36-8b62-11eb-f3d6-8c8a7136b6da,,
3b89777f-3615-9d00-4950-debc6420a10e,12,Little Dutch Trans 6598 - Wed 24 Mar 2021,0a6f6e36-8b62-11eb-f3d6-8c7af7fd405d,,,,
45ce6d57-85e0-67ba-d404-880dcab234ee,24,Little Dutch Trans 6598 - Wed 24 Mar 2021,0a6f6e36-8b62-11eb-f3d6-8c7af7fd405d,Trans RH98 - Wed 24 Mar 2021,0a6f6e36-8b62-11eb-f3d6-8c8a7136b6da,,
1277d7a6-8c4d-e08c-ef97-94153575fbff,8,Little Dutch Trans 6598 - Wed 24 Mar 2021,0a6f6e36-8b62-11eb-f3d6-8c7af7fd405d,,,,
895a4303-6a42-6b65-d052-e94e3c26cd77,24,Little Dutch Trans 6598 - Wed 24 Mar 2021,0a6f6e36-8b62-11eb-f3d6-8c7af7fd405d,Trans RH98 - Wed 24 Mar 2021,0a6f6e36-8b62-11eb-f3d6-8c8a7136b6da,,
3b5a48c4-03c5-e220-52dd-f6ac6aeb54e1,36,Little Dutch Trans 6598 - Wed 24 Mar 2021,0a6f6e36-8b62-11eb-f3d6-8c7af7fd405d,Trans RH98 - Wed 24 Mar 2021,0a6f6e36-8b62-11eb-f3d6-8c8a7136b6da,,
089b205d-30b1-8007-f033-4a1e5a285984,16,Little Dutch Trans 6598 - Wed 24 Mar 2021,0a6f6e36-8b62-11eb-f3d6-8c7af7fd405d,,,,
f2bb60a0-1d6e-28a9-b7c3-aaf0bb16a3bd,12,Little Dutch Trans 6598 - Wed 24 Mar 2021,0a6f6e36-8b62-11eb-f3d6-8c7af7fd405d,,,,
2f8e338c-e1fa-2cf7-5613-91a9a23cbdc6,4,Little Dutch Trans 6598 - Wed 24 Mar 2021,0a6f6e36-8b62-11eb-f3d6-8c7af7fd405d,,,,
1142eaba-d9ca-787c-4413-2f16f1891fbe,32,Little Dutch Trans 6598 - Wed 24 Mar 2021,0a6f6e36-8b62-11eb-f3d6-8c7af7fd405d,Trans RH98 - Wed 24 Mar 2021,0a6f6e36-8b62-11eb-f3d6-8c8a7136b6da,,
cd796b04-066a-c4af-29ec-db27b9eb2f80,12,Little Dutch Trans 6598 - Wed 24 Mar 2021,0a6f6e36-8b62-11eb-f3d6-8c7af7fd405d,,,,
766da5d2-0572-7a41-15d9-907e233507ca,12,Little Dutch Trans 6598 - Wed 24 Mar 2021,0a6f6e36-8b62-11eb-f3d6-8c7af7fd405d,,,,
1a11a81d-0a0c-49e1-933b-38a95155239e,6,Little Dutch Trans 6598 - Wed 24 Mar 2021,0a6f6e36-8b62-11eb-f3d6-8c7af7fd405d,,,,
fd692010-3b59-f81e-b877-5cdbf9e42a52,24,Little Dutch Trans 6598 - Wed 24 Mar 2021,0a6f6e36-8b62-11eb-f3d6-8c7af7fd405d,furniture Trans Z6P4 - Thu 25 Mar 2021,0a6f6e36-8b62-11eb-f3d6-8d384a313e61,Trans JVBT - Thu 25 Mar 2021,0a6f6e36-8b62-11eb-f3d6-8d4e11f31056
860e82bc-02f9-d423-0fe8-06be3467017e,36,Little Dutch Trans 6598 - Wed 24 Mar 2021,0a6f6e36-8b62-11eb-f3d6-8c7af7fd405d,Trans RH98 - Wed 24 Mar 2021,0a6f6e36-8b62-11eb-f3d6-8c8a7136b6da,,
d4f00b91-932d-22a9-08b7-12e9de599f03,5,Little Dutch Trans 6598 - Wed 24 Mar 2021,0a6f6e36-8b62-11eb-f3d6-8c7af7fd405d,Trans JVBT - Thu 25 Mar 2021,0a6f6e36-8b62-11eb-f3d6-8d4e11f31056,,
deac21bf-b29c-4ef3-e51a-581e2aed0f3b,5,Little Dutch Trans 6598 - Wed 24 Mar 2021,0a6f6e36-8b62-11eb-f3d6-8c7af7fd405d,Trans JVBT - Thu 25 Mar 2021,0a6f6e36-8b62-11eb-f3d6-8d4e11f31056,,
60af46b7-6852-e8fd-3a5a-5e36ef168806,5,Little Dutch Trans 6598 - Wed 24 Mar 2021,0a6f6e36-8b62-11eb-f3d6-8c7af7fd405d,Trans JVBT - Thu 25 Mar 2021,0a6f6e36-8b62-11eb-f3d6-8d4e11f31056,,
bd9437ad-346c-042f-897f-c61a4d6cfee2,4,Little Dutch Trans 6598 - Wed 24 Mar 2021,0a6f6e36-8b62-11eb-f3d6-8c7af7fd405d,Trans JVBT - Thu 25 Mar 2021,0a6f6e36-8b62-11eb-f3d6-8d4e11f31056,,
e02d4e68-f18d-1675-f4f5-2254235f7aee,4,Little Dutch Trans 6598 - Wed 24 Mar 2021,0a6f6e36-8b62-11eb-f3d6-8c7af7fd405d,Trans JVBT - Thu 25 Mar 2021,0a6f6e36-8b62-11eb-f3d6-8d4e11f31056,,
c3f95309-6cc5-26d3-80b1-c9d5947a384d,4,Little Dutch Trans 6598 - Wed 24 Mar 2021,0a6f6e36-8b62-11eb-f3d6-8c7af7fd405d,Trans JVBT - Thu 25 Mar 2021,0a6f6e36-8b62-11eb-f3d6-8d4e11f31056,,
93216d14-328b-deb4-15f7-41a3f965c1ce,2,Little Dutch Trans 6598 - Wed 24 Mar 2021,0a6f6e36-8b62-11eb-f3d6-8c7af7fd405d,,,,
537502a6-482d-b718-159e-a4cc07d434cf,2,Little Dutch Trans 6598 - Wed 24 Mar 2021,0a6f6e36-8b62-11eb-f3d6-8c7af7fd405d,,,,
7a81d502-ede1-42c2-b508-ad44c74eacab,2,Little Dutch Trans 6598 - Wed 24 Mar 2021,0a6f6e36-8b62-11eb-f3d6-8c7af7fd405d,,,,
af86dd00-bac8-af2b-0b1d-0ba381d41010,2,Little Dutch Trans 6598 - Wed 24 Mar 2021,0a6f6e36-8b62-11eb-f3d6-8c7af7fd405d,,,,
c5e4ec0c-fd3c-e4b2-3f07-131a51b571c6,2,Little Dutch Trans 6598 - Wed 24 Mar 2021,0a6f6e36-8b62-11eb-f3d6-8c7af7fd405d,,,,
2cfbece8-6214-8909-0b9a-6bce7f60b159,2,Little Dutch Trans 6598 - Wed 24 Mar 2021,0a6f6e36-8b62-11eb-f3d6-8c7af7fd405d,,,,
f5c402c7-9168-20a4-033f-85e15a46718e,1,Little Dutch Trans 6598 - Wed 24 Mar 2021,0a6f6e36-8b62-11eb-f3d6-8c7af7fd405d,,,,
80cf2a07-e539-320e-aa90-9ad8cc19336a,1,Little Dutch Trans 6598 - Wed 24 Mar 2021,0a6f6e36-8b62-11eb-f3d6-8c7af7fd405d,,,,
22792903-b7b7-3cfd-a40d-9b0fa9379c6c,36,Trans RH98 - Wed 24 Mar 2021,0a6f6e36-8b62-11eb-f3d6-8c8a7136b6da,,,,
42d1fdfc-616f-ae09-dcd0-1b7cd86ead29,24,Trans RH98 - Wed 24 Mar 2021,0a6f6e36-8b62-11eb-f3d6-8c8a7136b6da,,,,
56337701-b244-3197-2d45-3e23211f9c8d,16,Trans RH98 - Wed 24 Mar 2021,0a6f6e36-8b62-11eb-f3d6-8c8a7136b6da,,,,
02dcd191-ae62-11e7-f130-acee36cba4ab,3,Trans 74PG - Wed 24 Mar 2021,0a6f6e36-8b62-11eb-f3d6-8c95491590c0,,,,
007cbb3c-493e-eaeb-ad2f-78dc4c717e21,3,Trans 74PG - Wed 24 Mar 2021,0a6f6e36-8b62-11eb-f3d6-8c95491590c0,,,,
7c6b825b-de7a-b806-730e-2a44cad10946,4,Trans 74PG - Wed 24 Mar 2021,0a6f6e36-8b62-11eb-f3d6-8c95491590c0,Trans JVBT - Thu 25 Mar 2021,0a6f6e36-8b62-11eb-f3d6-8d4e11f31056,,
02dcd191-ae62-11e8-ed44-5c2494039a07,4,Trans 74PG - Wed 24 Mar 2021,0a6f6e36-8b62-11eb-f3d6-8c95491590c0,Trans JVBT - Thu 25 Mar 2021,0a6f6e36-8b62-11eb-f3d6-8d4e11f31056,,
dcd48a0d-5aa1-a09d-6efa-3b66a114bdd4,6,Trans 74PG - Wed 24 Mar 2021,0a6f6e36-8b62-11eb-f3d6-8c95491590c0,Trans JVBT - Thu 25 Mar 2021,0a6f6e36-8b62-11eb-f3d6-8d4e11f31056,,
c7e67404-5319-9d42-6e50-8e99858332f8,4,Trans 74PG - Wed 24 Mar 2021,0a6f6e36-8b62-11eb-f3d6-8c95491590c0,Trans JVBT - Thu 25 Mar 2021,0a6f6e36-8b62-11eb-f3d6-8d4e11f31056,,
b208dca9-1051-918d-f804-f95585f1807f,8,Trans 74PG - Wed 24 Mar 2021,0a6f6e36-8b62-11eb-f3d6-8c95491590c0,Trans JVBT - Thu 25 Mar 2021,0a6f6e36-8b62-11eb-f3d6-8d4e11f31056,,
5bab6352-4330-54e8-c946-b13a597a90c8,8,Trans 74PG - Wed 24 Mar 2021,0a6f6e36-8b62-11eb-f3d6-8c95491590c0,Trans JVBT - Thu 25 Mar 2021,0a6f6e36-8b62-11eb-f3d6-8d4e11f31056,,
289bd96e-b798-eedd-5e00-03747517e8f9,2,Trans 74PG - Wed 24 Mar 2021,0a6f6e36-8b62-11eb-f3d6-8c95491590c0,Trans JVBT - Thu 25 Mar 2021,0a6f6e36-8b62-11eb-f3d6-8d4e11f31056,,
f3c97648-2f32-fb1e-ebf8-8b490453f2dc,3,Trans 74PG - Wed 24 Mar 2021,0a6f6e36-8b62-11eb-f3d6-8c95491590c0,Trans JVBT - Thu 25 Mar 2021,0a6f6e36-8b62-11eb-f3d6-8d4e11f31056,,
110d754c-967a-7235-4caf-b4275cb10aee,5,Trans RV39 - Wed 24 Mar 2021,0a6f6e36-8b62-11eb-f3d6-8c96e3e56b65,Trans JVBT - Thu 25 Mar 2021,0a6f6e36-8b62-11eb-f3d6-8d4e11f31056,,
b2de427e-17b9-6d45-21ef-24939f6677c6,2,Trans RV39 - Wed 24 Mar 2021,0a6f6e36-8b62-11eb-f3d6-8c96e3e56b65,,,,
02dcd191-ae62-11e7-edd8-29aa5dfd9f14,3,Trans RV39 - Wed 24 Mar 2021,0a6f6e36-8b62-11eb-f3d6-8c96e3e56b65,Trans JVBT - Thu 25 Mar 2021,0a6f6e36-8b62-11eb-f3d6-8d4e11f31056,,
02dcd191-ae62-11e6-edd8-ed0e74b888ad,1,Trans RV39 - Wed 24 Mar 2021,0a6f6e36-8b62-11eb-f3d6-8c96e3e56b65,,,,
02dcd191-ae62-11e7-edd8-146ffec7dc5a,4,Trans RV39 - Wed 24 Mar 2021,0a6f6e36-8b62-11eb-f3d6-8c96e3e56b65,,,,
02dcd191-ae62-11e6-edd8-ed0e7449ded8,9,Trans RV39 - Wed 24 Mar 2021,0a6f6e36-8b62-11eb-f3d6-8c96e3e56b65,Trans JVBT - Thu 25 Mar 2021,0a6f6e36-8b62-11eb-f3d6-8d4e11f31056,,
02dcd191-ae62-11e7-f130-a90e9258615a,2,Trans RV39 - Wed 24 Mar 2021,0a6f6e36-8b62-11eb-f3d6-8c96e3e56b65,,,,
a93ef757-e994-b09f-0271-fd520fdc5cd7,3,Trans RV39 - Wed 24 Mar 2021,0a6f6e36-8b62-11eb-f3d6-8c96e3e56b65,Trans JVBT - Thu 25 Mar 2021,0a6f6e36-8b62-11eb-f3d6-8d4e11f31056,,
02dcd191-ae62-11e7-edd8-0a892ba51dcb,3,Trans RV39 - Wed 24 Mar 2021,0a6f6e36-8b62-11eb-f3d6-8c96e3e56b65,,,,
02dcd191-ae62-11e6-f485-4cbc1d500fa7,10,Trans RV39 - Wed 24 Mar 2021,0a6f6e36-8b62-11eb-f3d6-8c96e3e56b65,Trans JVBT - Thu 25 Mar 2021,0a6f6e36-8b62-11eb-f3d6-8d4e11f31056,,
02dcd191-ae62-11e6-f485-4cbc1d94473d,3,Trans RV39 - Wed 24 Mar 2021,0a6f6e36-8b62-11eb-f3d6-8c96e3e56b65,Trans JVBT - Thu 25 Mar 2021,0a6f6e36-8b62-11eb-f3d6-8d4e11f31056,,
c430c541-6bc4-562d-8eca-c35cffb83ad7,7,Trans 93N4 - Wed 24 Mar 2021,0a6f6e36-8b62-11eb-f3d6-8c9b69f92028,,,,
51b0881c-9eb3-d6b7-885f-b7b998719ac6,4,Trans 93N4 - Wed 24 Mar 2021,0a6f6e36-8b62-11eb-f3d6-8c9b69f92028,,,,
3b2ef8d9-4228-e074-0194-22fe11089b32,4,Trans 93N4 - Wed 24 Mar 2021,0a6f6e36-8b62-11eb-f3d6-8c9b69f92028,,,,
f23eda86-0d71-c041-c2f0-3c4314fee9c6,3,Trans 93N4 - Wed 24 Mar 2021,0a6f6e36-8b62-11eb-f3d6-8c9b69f92028,,,,
ec6578fb-1659-59d7-7752-243c0c083d7f,3,Trans 93N4 - Wed 24 Mar 2021,0a6f6e36-8b62-11eb-f3d6-8c9b69f92028,,,,
eb2d444a-487b-5331-1ce7-a6946b89c6d8,2,Trans 93N4 - Wed 24 Mar 2021,0a6f6e36-8b62-11eb-f3d6-8c9b69f92028,,,,
ab3e1acb-807b-08d2-4581-24cbffc4b274,4,Trans 93N4 - Wed 24 Mar 2021,0a6f6e36-8b62-11eb-f3d6-8c9b69f92028,,,,
5970bf29-c56a-5814-1f8f-d99e82f42fc2,3,Trans 93N4 - Wed 24 Mar 2021,0a6f6e36-8b62-11eb-f3d6-8c9b69f92028,,,,
b78a687a-1d39-7411-465f-7644e76ccd7d,3,Trans 93N4 - Wed 24 Mar 2021,0a6f6e36-8b62-11eb-f3d6-8c9b69f92028,,,,
4a81ddf1-f206-e493-9540-9424b3ffc30a,3,Trans 93N4 - Wed 24 Mar 2021,0a6f6e36-8b62-11eb-f3d6-8c9b69f92028,,,,
8671c47b-cb50-ac40-c9a9-197bac91eca4,3,Trans 93N4 - Wed 24 Mar 2021,0a6f6e36-8b62-11eb-f3d6-8c9b69f92028,,,,
a2fa7ae5-566a-a0a2-7f1c-1c7c18a04f56,2,Trans 93N4 - Wed 24 Mar 2021,0a6f6e36-8b62-11eb-f3d6-8c9b69f92028,,,,
3d2d1afb-7505-74eb-76dc-a1dc5a94dfea,2,Trans 93N4 - Wed 24 Mar 2021,0a6f6e36-8b62-11eb-f3d6-8c9b69f92028,,,,
2600af78-feed-f591-b111-e3c8b5ee27bf,2,Trans 93N4 - Wed 24 Mar 2021,0a6f6e36-8b62-11eb-f3d6-8c9b69f92028,,,,
66ec8276-6843-fef7-196a-d648771d4bee,2,Trans 93N4 - Wed 24 Mar 2021,0a6f6e36-8b62-11eb-f3d6-8c9b69f92028,,,,
f2fab8c7-6366-849a-c661-f796f70dd955,3,Trans 93N4 - Wed 24 Mar 2021,0a6f6e36-8b62-11eb-f3d6-8c9b69f92028,,,,
e8508daf-9c8f-04e8-2cf2-547188f21cc0,2,Trans 93N4 - Wed 24 Mar 2021,0a6f6e36-8b62-11eb-f3d6-8c9b69f92028,,,,
7e13f349-0c3d-480e-1465-4322c7b4a772,1,Trans GH4E - Wed 24 Mar 2021,0a6f6e36-8b62-11eb-f3d6-8c9dd7ad582a,,,,
753a7d53-b39d-5f3f-5b84-27720e75044c,2,Trans GH4E - Wed 24 Mar 2021,0a6f6e36-8b62-11eb-f3d6-8c9dd7ad582a,,,,
02dcd191-ae62-11e8-ed44-72e4bf20fc7d,2,Trans GH4E - Wed 24 Mar 2021,0a6f6e36-8b62-11eb-f3d6-8c9dd7ad582a,,,,
9a4ba4c8-4c9a-e5ed-e32c-1b6b010cf76b,2,Trans GH4E - Wed 24 Mar 2021,0a6f6e36-8b62-11eb-f3d6-8c9dd7ad582a,,,,
f6090e5d-91fb-00b5-122b-795714111cbb,4,Trans GH4E - Wed 24 Mar 2021,0a6f6e36-8b62-11eb-f3d6-8c9dd7ad582a,,,,
715a341e-a73e-3530-5f90-361d682d44b7,4,Trans GH4E - Wed 24 Mar 2021,0a6f6e36-8b62-11eb-f3d6-8c9dd7ad582a,,,,
c335da8f-38de-4df2-2eef-4df563148639,1,Trans AT7P - Wed 24 Mar 2021,0a6f6e36-8b62-11eb-f3d6-8caa230eb77e,,,,
0a7a224a-3b6e-b9d9-6909-98f80913ce77,1,Trans AT7P - Wed 24 Mar 2021,0a6f6e36-8b62-11eb-f3d6-8caa230eb77e,,,,
58c2aa30-d37b-c4f6-1a55-fc836fc7d1e3,1,Trans AT7P - Wed 24 Mar 2021,0a6f6e36-8b62-11eb-f3d6-8caa230eb77e,,,,
4a389b74-a78b-8767-a830-024eaa165599,1,Trans AT7P - Wed 24 Mar 2021,0a6f6e36-8b62-11eb-f3d6-8caa230eb77e,,,,
638bc1c9-5298-3b20-4c64-4fc3a56a5322,1,Trans AT7P - Wed 24 Mar 2021,0a6f6e36-8b62-11eb-f3d6-8caa230eb77e,,,,
02dcd191-ae62-11e7-f130-a7a3d6dd8aba,2,Trans 96LW - Wed 24 Mar 2021,0a6f6e36-8b62-11eb-f3d6-8cabb9f7ae5f,,,,
0052ad43-39eb-33b7-1ca8-50cb22933fd0,10,Trans 96LW - Wed 24 Mar 2021,0a6f6e36-8b62-11eb-f3d6-8cabb9f7ae5f,Trans JVBT - Thu 25 Mar 2021,0a6f6e36-8b62-11eb-f3d6-8d4e11f31056,,
02dcd191-ae62-11e6-f485-4cbbfa5dbef7,7,Trans 96LW - Wed 24 Mar 2021,0a6f6e36-8b62-11eb-f3d6-8cabb9f7ae5f,,,,
02dcd191-ae62-11e7-f130-5b2b2e7a193d,1,Trans 96LW - Wed 24 Mar 2021,0a6f6e36-8b62-11eb-f3d6-8cabb9f7ae5f,,,,
3eff3b2b-c263-ff6b-7694-fbbc1e5074f4,3,Trans 96LW - Wed 24 Mar 2021,0a6f6e36-8b62-11eb-f3d6-8cabb9f7ae5f,,,,
02dcd191-ae62-11e6-f485-4cbc1d3d7f59,2,Trans 96LW - Wed 24 Mar 2021,0a6f6e36-8b62-11eb-f3d6-8cabb9f7ae5f,,,,
02dcd191-ae62-11e6-f485-4cbc1c1aaf73,5,Trans 96LW - Wed 24 Mar 2021,0a6f6e36-8b62-11eb-f3d6-8cabb9f7ae5f,,,,
02dcd191-ae62-11e6-f485-4cbcd9125172,2,Trans 96LW - Wed 24 Mar 2021,0a6f6e36-8b62-11eb-f3d6-8cabb9f7ae5f,,,,
02dcd191-ae62-11e6-f485-4cbccd7bddfc,39,Trans 96LW - Wed 24 Mar 2021,0a6f6e36-8b62-11eb-f3d6-8cabb9f7ae5f,Trans JVBT - Thu 25 Mar 2021,0a6f6e36-8b62-11eb-f3d6-8d4e11f31056,,
02dcd191-ae62-11e6-f485-4cbccd69cc73,49,Trans 96LW - Wed 24 Mar 2021,0a6f6e36-8b62-11eb-f3d6-8cabb9f7ae5f,Trans JVBT - Thu 25 Mar 2021,0a6f6e36-8b62-11eb-f3d6-8d4e11f31056,,
fb933a69-f6f4-0a35-74c6-b7a4a8f599bc,6,Trans 96LW - Wed 24 Mar 2021,0a6f6e36-8b62-11eb-f3d6-8cabb9f7ae5f,,,,
02dcd191-ae62-11e6-f485-4cbca05719e2,2,Trans 96LW - Wed 24 Mar 2021,0a6f6e36-8b62-11eb-f3d6-8cabb9f7ae5f,,,,
10bea0e5-30ad-9479-0555-3d02b1b5338a,4,Trans 96LW - Wed 24 Mar 2021,0a6f6e36-8b62-11eb-f3d6-8cabb9f7ae5f,Trans JVBT - Thu 25 Mar 2021,0a6f6e36-8b62-11eb-f3d6-8d4e11f31056,,
02dcd191-ae62-11e6-f485-4cbcc500acc4,12,Trans 96LW - Wed 24 Mar 2021,0a6f6e36-8b62-11eb-f3d6-8cabb9f7ae5f,Trans JVBT - Thu 25 Mar 2021,0a6f6e36-8b62-11eb-f3d6-8d4e11f31056,,
effeaea7-732d-f2ac-cacd-8b3f39fada6a,8,Trans 96LW - Wed 24 Mar 2021,0a6f6e36-8b62-11eb-f3d6-8cabb9f7ae5f,Trans JVBT - Thu 25 Mar 2021,0a6f6e36-8b62-11eb-f3d6-8d4e11f31056,,
fc058f8b-19bf-94f7-9f8c-1acf98c3cd1d,4,Trans 958Y - Wed 24 Mar 2021,0a6f6e36-8b62-11eb-f3d6-8cad7f7d601c,Trans JVBT - Thu 25 Mar 2021,0a6f6e36-8b62-11eb-f3d6-8d4e11f31056,,
02dcd191-ae62-11e6-f485-4cbcf1cc9c82,21,Trans 958Y - Wed 24 Mar 2021,0a6f6e36-8b62-11eb-f3d6-8cad7f7d601c,Trans 958Y - Wed 24 Mar 2021,0a6f6e36-8b62-11eb-f3d6-8cad7f7d601c,,
02dcd191-ae62-11e6-f485-4cbc1027c04a,16,Trans 3VJ7 - Wed 24 Mar 2021,0a6f6e36-8b62-11eb-f3d6-8cada4284b6f,,,,
a2e0dd9d-d24e-7fbf-0f14-64146131f3e6,4,Trans 3VJ7 - Wed 24 Mar 2021,0a6f6e36-8b62-11eb-f3d6-8cada4284b6f,,,,
951e94bc-e2a4-335d-706d-41f790fe8671,4,Trans 3VJ7 - Wed 24 Mar 2021,0a6f6e36-8b62-11eb-f3d6-8cada4284b6f,furniture Trans Z6P4 - Thu 25 Mar 2021,0a6f6e36-8b62-11eb-f3d6-8d384a313e61,,
02dcd191-ae62-11e6-f485-4cbc106f9984,3,Trans 3VJ7 - Wed 24 Mar 2021,0a6f6e36-8b62-11eb-f3d6-8cada4284b6f,,,,
d50e3bf6-2af2-dc1e-5816-5c51fa843dc1,15,Trans 8D89 - Wed 24 Mar 2021,0a6f6e36-8b62-11eb-f3d6-8cae2786b7db,Trans JVBT - Thu 25 Mar 2021,0a6f6e36-8b62-11eb-f3d6-8d4e11f31056,,
02dcd191-ae62-11e6-f485-4cbcd11a1eb6,48,Trans 8D89 - Wed 24 Mar 2021,0a6f6e36-8b62-11eb-f3d6-8cae2786b7db,Trans JVBT - Thu 25 Mar 2021,0a6f6e36-8b62-11eb-f3d6-8d4e11f31056,,
68e72b93-5868-e493-cdb7-b8b9f685abd0,30,Trans 8D89 - Wed 24 Mar 2021,0a6f6e36-8b62-11eb-f3d6-8cae2786b7db,Trans JVBT - Thu 25 Mar 2021,0a6f6e36-8b62-11eb-f3d6-8d4e11f31056,,
02dcd191-ae62-11e6-f485-4cbc661540f4,12,Trans 8D89 - Wed 24 Mar 2021,0a6f6e36-8b62-11eb-f3d6-8cae2786b7db,,,,
3d96eae6-f387-07dc-b39c-5239ddeea068,4,Trans 8D89 - Wed 24 Mar 2021,0a6f6e36-8b62-11eb-f3d6-8cae2786b7db,Trans JVBT - Thu 25 Mar 2021,0a6f6e36-8b62-11eb-f3d6-8d4e11f31056,,
2614f322-9804-de58-7e21-b461010fea96,3,Trans 8D89 - Wed 24 Mar 2021,0a6f6e36-8b62-11eb-f3d6-8cae2786b7db,,,,
dbcc716c-ed63-7326-733e-2a22616e8a65,2,Trans 8D89 - Wed 24 Mar 2021,0a6f6e36-8b62-11eb-f3d6-8cae2786b7db,Trans JVBT - Thu 25 Mar 2021,0a6f6e36-8b62-11eb-f3d6-8d4e11f31056,,
d0d0f63e-2a4e-5283-fa16-316899d59624,1,Trans 8D89 - Wed 24 Mar 2021,0a6f6e36-8b62-11eb-f3d6-8cae2786b7db,,,,
76837835-1b68-acc3-4bdf-c4f46d1aea54,2,Trans 8D89 - Wed 24 Mar 2021,0a6f6e36-8b62-11eb-f3d6-8cae2786b7db,,,,
02dcd191-ae62-11e6-f485-4cbc79020b62,20,furniture Trans Z6P4 - Thu 25 Mar 2021,0a6f6e36-8b62-11eb-f3d6-8d384a313e61,,,,
b4dfeb7a-d7fe-3893-d71a-cbbe09202e87,4,furniture Trans Z6P4 - Thu 25 Mar 2021,0a6f6e36-8b62-11eb-f3d6-8d384a313e61,,,,
02dcd191-ae62-11e6-f485-4cbca78d6205,2,furniture Trans Z6P4 - Thu 25 Mar 2021,0a6f6e36-8b62-11eb-f3d6-8d384a313e61,,,,
b48f289a-c2a3-6826-86f6-46f05a909cbc,3,furniture Trans Z6P4 - Thu 25 Mar 2021,0a6f6e36-8b62-11eb-f3d6-8d384a313e61,,,,
02dcd191-ae62-11e6-f485-4cbc703e0787,2,furniture Trans Z6P4 - Thu 25 Mar 2021,0a6f6e36-8b62-11eb-f3d6-8d384a313e61,,,,
93666d8e-0ebf-c727-bd5d-36065358a02f,2,furniture Trans Z6P4 - Thu 25 Mar 2021,0a6f6e36-8b62-11eb-f3d6-8d384a313e61,Return - Thu 25 Mar 2021,0a6f6e36-8b62-11eb-f3d6-8d41cf311b19,,
02dcd191-ae62-11e6-f485-4cbcb7dc422e,2,furniture Trans Z6P4 - Thu 25 Mar 2021,0a6f6e36-8b62-11eb-f3d6-8d384a313e61,Return - Thu 25 Mar 2021,0a6f6e36-8b62-11eb-f3d6-8d41cf311b19,,
02dcd191-ae62-11e6-f485-4cbcb7ee85b0,1,furniture Trans Z6P4 - Thu 25 Mar 2021,0a6f6e36-8b62-11eb-f3d6-8d384a313e61,,,,
02dcd191-ae62-11e6-f485-4cbcb7c2fc0b,1,furniture Trans Z6P4 - Thu 25 Mar 2021,0a6f6e36-8b62-11eb-f3d6-8d384a313e61,,,,
02dcd191-ae62-11e6-f485-4cbc777df4ae,4,furniture Trans Z6P4 - Thu 25 Mar 2021,0a6f6e36-8b62-11eb-f3d6-8d384a313e61,,,,
02dcd191-ae62-11e6-f485-4cbc1bcfc9d0,1,furniture Trans Z6P4 - Thu 25 Mar 2021,0a6f6e36-8b62-11eb-f3d6-8d384a313e61,,,,
02dcd191-ae62-11e7-edd8-03f854a6c888,1,furniture Trans Z6P4 - Thu 25 Mar 2021,0a6f6e36-8b62-11eb-f3d6-8d384a313e61,,,,
02dcd191-ae62-11e8-ed44-32896d67df8c,8,furniture Trans Z6P4 - Thu 25 Mar 2021,0a6f6e36-8b62-11eb-f3d6-8d384a313e61,,,,
bbf0c858-5912-05ea-167a-78d1fca8e238,1,furniture Trans Z6P4 - Thu 25 Mar 2021,0a6f6e36-8b62-11eb-f3d6-8d384a313e61,,,,
02dcd191-ae62-11e7-f130-59e612afe9b9,2,furniture Trans Z6P4 - Thu 25 Mar 2021,0a6f6e36-8b62-11eb-f3d6-8d384a313e61,,,,
02dcd191-ae62-11e7-f130-5a3f1478ebcf,8,furniture Trans Z6P4 - Thu 25 Mar 2021,0a6f6e36-8b62-11eb-f3d6-8d384a313e61,,,,
02dcd191-ae62-11e6-f485-4cbcc515bee0,10,furniture Trans Z6P4 - Thu 25 Mar 2021,0a6f6e36-8b62-11eb-f3d6-8d384a313e61,Trans JVBT - Thu 25 Mar 2021,0a6f6e36-8b62-11eb-f3d6-8d4e11f31056,,
02dcd191-ae62-11e8-ed44-328a419ccd10,2,furniture Trans Z6P4 - Thu 25 Mar 2021,0a6f6e36-8b62-11eb-f3d6-8d384a313e61,,,,
6ec1e832-5853-b1db-0f4c-2383474e580b,10,furniture Trans Z6P4 - Thu 25 Mar 2021,0a6f6e36-8b62-11eb-f3d6-8d384a313e61,Trans JVBT - Thu 25 Mar 2021,0a6f6e36-8b62-11eb-f3d6-8d4e11f31056,,
02dcd191-ae62-11e7-edd8-0ef7634be826,13,furniture Trans Z6P4 - Thu 25 Mar 2021,0a6f6e36-8b62-11eb-f3d6-8d384a313e61,Trans JVBT - Thu 25 Mar 2021,0a6f6e36-8b62-11eb-f3d6-8d4e11f31056,,
0a4735cc-4962-11e7-fc9e-d4707f9b4ac5,1,furniture Trans Z6P4 - Thu 25 Mar 2021,0a6f6e36-8b62-11eb-f3d6-8d384a313e61,,,,
a8576513-6e6a-1109-6ffa-9740108712ed,2,furniture Trans Z6P4 - Thu 25 Mar 2021,0a6f6e36-8b62-11eb-f3d6-8d384a313e61,,,,
0a392c4a-07ee-8fd9-5c61-ade0f5c11790,1,furniture Trans Z6P4 - Thu 25 Mar 2021,0a6f6e36-8b62-11eb-f3d6-8d384a313e61,,,,
02dcd191-ae62-11e7-f130-5aa2021f7bbc,3,furniture Trans Z6P4 - Thu 25 Mar 2021,0a6f6e36-8b62-11eb-f3d6-8d384a313e61,Trans JVBT - Thu 25 Mar 2021,0a6f6e36-8b62-11eb-f3d6-8d4e11f31056,,
02dcd191-ae62-11e7-f130-71de8de82435,4,furniture Trans Z6P4 - Thu 25 Mar 2021,0a6f6e36-8b62-11eb-f3d6-8d384a313e61,,,,
02dcd191-ae62-11e7-f130-5a3f14e501e4,6,furniture Trans Z6P4 - Thu 25 Mar 2021,0a6f6e36-8b62-11eb-f3d6-8d384a313e61,Trans JVBT - Thu 25 Mar 2021,0a6f6e36-8b62-11eb-f3d6-8d4e11f31056,,
9a7c0cba-e33d-8303-3aa7-19f1bdc7cd4a,2,furniture Trans Z6P4 - Thu 25 Mar 2021,0a6f6e36-8b62-11eb-f3d6-8d384a313e61,,,,
02dcd191-ae62-11e6-f485-4cbbfd5bb9c8,1,furniture Trans Z6P4 - Thu 25 Mar 2021,0a6f6e36-8b62-11eb-f3d6-8d384a313e61,,,,
2aacedf8-405e-7686-57d9-387a5ce7eb3d,1,furniture Trans Z6P4 - Thu 25 Mar 2021,0a6f6e36-8b62-11eb-f3d6-8d384a313e61,,,,
9fb60120-5b31-5f49-129a-22d11e1b535c,1,furniture Trans Z6P4 - Thu 25 Mar 2021,0a6f6e36-8b62-11eb-f3d6-8d384a313e61,,,,
02dcd191-ae62-11e6-f485-4cbc08dad244,5,furniture Trans Z6P4 - Thu 25 Mar 2021,0a6f6e36-8b62-11eb-f3d6-8d384a313e61,,,,
02dcd191-ae62-11e7-f130-785a9a612d12,1,furniture Trans Z6P4 - Thu 25 Mar 2021,0a6f6e36-8b62-11eb-f3d6-8d384a313e61,,,,
02dcd191-ae62-11e7-f130-a90bc281cab9,1,furniture Trans Z6P4 - Thu 25 Mar 2021,0a6f6e36-8b62-11eb-f3d6-8d384a313e61,,,,
05099932-7c9d-51d3-c1b0-aab23a98f6ec,6,furniture Trans Z6P4 - Thu 25 Mar 2021,0a6f6e36-8b62-11eb-f3d6-8d384a313e61,Trans JVBT - Thu 25 Mar 2021,0a6f6e36-8b62-11eb-f3d6-8d4e11f31056,,
5e28c7a1-4f49-6933-2289-db7201ffb206,1,furniture Trans Z6P4 - Thu 25 Mar 2021,0a6f6e36-8b62-11eb-f3d6-8d384a313e61,,,,
02dcd191-ae62-11e6-f485-4cbc70574b1a,1,furniture Trans Z6P4 - Thu 25 Mar 2021,0a6f6e36-8b62-11eb-f3d6-8d384a313e61,,,,
02dcd191-ae62-11e6-f485-4cbcd80744f8,1,furniture Trans Z6P4 - Thu 25 Mar 2021,0a6f6e36-8b62-11eb-f3d6-8d384a313e61,,,,
0a4735cc-4962-11e7-fc9e-c52c3a22192d,12,furniture Trans Z6P4 - Thu 25 Mar 2021,0a6f6e36-8b62-11eb-f3d6-8d384a313e61,Trans JVBT - Thu 25 Mar 2021,0a6f6e36-8b62-11eb-f3d6-8d4e11f31056,,
02dcd191-ae62-11e7-f130-59e8eb709baf,9,furniture Trans Z6P4 - Thu 25 Mar 2021,0a6f6e36-8b62-11eb-f3d6-8d384a313e61,Trans JVBT - Thu 25 Mar 2021,0a6f6e36-8b62-11eb-f3d6-8d4e11f31056,,
e726701e-7fed-543c-e282-d1adf4e6d7c9,1,Trans 2U92 - Thu 25 Mar 2021,0a6f6e36-8b62-11eb-f3d6-8d3c51c05ca4,,,,
02dcd191-ae62-11e6-f485-4cbcb2fe595b,1,Trans 2U92 - Thu 25 Mar 2021,0a6f6e36-8b62-11eb-f3d6-8d3c51c05ca4,,,,
02dcd191-ae62-11e6-f485-4cbcb2c96677,1,Trans 2U92 - Thu 25 Mar 2021,0a6f6e36-8b62-11eb-f3d6-8d3c51c05ca4,,,,
02dcd191-ae62-11e6-f485-816e20196fa9,2,Return - Thu 25 Mar 2021,0a6f6e36-8b62-11eb-f3d6-8d41cf311b19,,,,
02dcd191-ae62-11e6-f485-4cbc8392d387,3,Return - Thu 25 Mar 2021,0a6f6e36-8b62-11eb-f3d6-8d41cf311b19,,,,
4a51686d-0a32-f8ba-6a6a-1ff914d42072,2,Return - Thu 25 Mar 2021,0a6f6e36-8b62-11eb-f3d6-8d41cf311b19,,,,
0a4735cc-4962-11e7-fc9e-c51969349d93,2,Return - Thu 25 Mar 2021,0a6f6e36-8b62-11eb-f3d6-8d41cf311b19,,,,
02dcd191-ae62-11e7-edd8-14700bd55eec,1,Trans JVBT - Thu 25 Mar 2021,0a6f6e36-8b62-11eb-f3d6-8d4e11f31056,,,,
28d8af8d-7443-6bbe-2c70-099721c3118a,1,Trans JVBT - Thu 25 Mar 2021,0a6f6e36-8b62-11eb-f3d6-8d4e11f31056,,,,
a8fa662a-1030-b225-1ee8-554a03f53661,2,Trans JVBT - Thu 25 Mar 2021,0a6f6e36-8b62-11eb-f3d6-8d4e11f31056,,,,
d8252f44-7728-fccd-841c-96fafab6223d,1,Trans JVBT - Thu 25 Mar 2021,0a6f6e36-8b62-11eb-f3d6-8d4e11f31056,,,,
0a4735cc-4962-11e7-fc9e-d687fa34433c,4,Trans JVBT - Thu 25 Mar 2021,0a6f6e36-8b62-11eb-f3d6-8d4e11f31056,,,,
6f768806-9ca4-6659-acdf-bc863840f238,4,Trans JVBT - Thu 25 Mar 2021,0a6f6e36-8b62-11eb-f3d6-8d4e11f31056,,,,
b3610056-80e0-1fee-28e5-6bb26e266a34,1,Trans JVBT - Thu 25 Mar 2021,0a6f6e36-8b62-11eb-f3d6-8d4e11f31056,,,,
f38275be-377f-28c9-95cc-4dd4a4e2a8ed,4,Trans JVBT - Thu 25 Mar 2021,0a6f6e36-8b62-11eb-f3d6-8d4e11f31056,,,,
02dcd191-ae62-11e7-f130-492f3829ccd0,2,Trans JVBT - Thu 25 Mar 2021,0a6f6e36-8b62-11eb-f3d6-8d4e11f31056,,,,
a9ddc97b-37f4-0d69-be3c-5983493affb8,1,Trans JVBT - Thu 25 Mar 2021,0a6f6e36-8b62-11eb-f3d6-8d4e11f31056,,,,
c76abb4d-5447-32eb-9400-6f03ac180ec9,1,Trans JVBT - Thu 25 Mar 2021,0a6f6e36-8b62-11eb-f3d6-8d4e11f31056,,,,
02dcd191-ae62-11e6-f485-4cbcb5bb0bff,6,Trans JVBT - Thu 25 Mar 2021,0a6f6e36-8b62-11eb-f3d6-8d4e11f31056,,,,
1d38667e-5efc-ea8a-0575-5d848b65fe29,3,Trans JVBT - Thu 25 Mar 2021,0a6f6e36-8b62-11eb-f3d6-8d4e11f31056,,,,
cf49edb4-60b9-6705-d6fb-d76472b03a19,1,Trans JVBT - Thu 25 Mar 2021,0a6f6e36-8b62-11eb-f3d6-8d4e11f31056,,,,
02dcd191-ae62-11e6-f485-6e879a83668c,1,Trans JVBT - Thu 25 Mar 2021,0a6f6e36-8b62-11eb-f3d6-8d4e11f31056,,,,
02dcd191-ae62-11e7-edd8-16b96dbf8f40,43,Trans JVBT - Thu 25 Mar 2021,0a6f6e36-8b62-11eb-f3d6-8d4e11f31056,,,,
02dcd191-ae62-11e7-f130-58ccb8ac329a,2,Trans JVBT - Thu 25 Mar 2021,0a6f6e36-8b62-11eb-f3d6-8d4e11f31056,,,,
dc679072-b7c2-486b-82dc-84022b16b5b7,1,Trans JVBT - Thu 25 Mar 2021,0a6f6e36-8b62-11eb-f3d6-8d4e11f31056,,,,
d38fa66f-9175-5f81-f260-239b32a7ec39,5,Trans JVBT - Thu 25 Mar 2021,0a6f6e36-8b62-11eb-f3d6-8d4e11f31056,,,,
5df5aafd-9699-a47d-57ab-4a6fb7ed703c,1,Trans JVBT - Thu 25 Mar 2021,0a6f6e36-8b62-11eb-f3d6-8d4e11f31056,,,,
6c378a41-4534-8d5f-4161-a998ea26d106,1,refer Mandisa,a2d53aac-e1e0-4c61-ab0b-75405618ceac,,,,
2e6c87dc-1fa7-340e-51fe-4da38a2d0a24,1,refer Mandisa,a2d53aac-e1e0-4c61-ab0b-75405618ceac,,,,
